-------- zookeeper ----------
zookeeper-1  | ===> Launching zookeeper ... 
zookeeper-1  | [2026-05-04 14:48:15,434] INFO Reading configuration from: /etc/kafka/zookeeper.properties (org.apache.zookeeper.server.quorum.QuorumPeerConfig)
zookeeper-1  | [2026-05-04 14:48:15,444] INFO clientPortAddress is 0.0.0.0:2181 (org.apache.zookeeper.server.quorum.QuorumPeerConfig)
zookeeper-1  | [2026-05-04 14:48:15,444] INFO secureClientPort is not set (org.apache.zookeeper.server.quorum.QuorumPeerConfig)
zookeeper-1  | [2026-05-04 14:48:15,444] INFO observerMasterPort is not set (org.apache.zookeeper.server.quorum.QuorumPeerConfig)
zookeeper-1  | [2026-05-04 14:48:15,444] INFO metricsProvider.className is org.apache.zookeeper.metrics.impl.DefaultMetricsProvider (org.apache.zookeeper.server.quorum.QuorumPeerConfig)
zookeeper-1  | [2026-05-04 14:48:15,446] INFO autopurge.snapRetainCount set to 3 (org.apache.zookeeper.server.DatadirCleanupManager)
zookeeper-1  | [2026-05-04 14:48:15,449] INFO autopurge.purgeInterval set to 0 (org.apache.zookeeper.server.DatadirCleanupManager)
zookeeper-1  | [2026-05-04 14:48:15,449] INFO Purge task is not scheduled. (org.apache.zookeeper.server.DatadirCleanupManager)
zookeeper-1  | [2026-05-04 14:48:15,449] WARN Either no config or no quorum defined in config, running in standalone mode (org.apache.zookeeper.server.quorum.QuorumPeerMain)
zookeeper-1  | [2026-05-04 14:48:15,451] INFO Log4j 1.2 jmx support not found; jmx disabled. (org.apache.zookeeper.jmx.ManagedUtil)
zookeeper-1  | [2026-05-04 14:48:15,452] INFO Reading configuration from: /etc/kafka/zookeeper.properties (org.apache.zookeeper.server.quorum.QuorumPeerConfig)
zookeeper-1  | [2026-05-04 14:48:15,453] INFO clientPortAddress is 0.0.0.0:2181 (org.apache.zookeeper.server.quorum.QuorumPeerConfig)
zookeeper-1  | [2026-05-04 14:48:15,453] INFO secureClientPort is not set (org.apache.zookeeper.server.quorum.QuorumPeerConfig)
zookeeper-1  | [2026-05-04 14:48:15,453] INFO observerMasterPort is not set (org.apache.zookeeper.server.quorum.QuorumPeerConfig)
zookeeper-1  | [2026-05-04 14:48:15,453] INFO metricsProvider.className is org.apache.zookeeper.metrics.impl.DefaultMetricsProvider (org.apache.zookeeper.server.quorum.QuorumPeerConfig)
zookeeper-1  | [2026-05-04 14:48:15,453] INFO Starting server (org.apache.zookeeper.server.ZooKeeperServerMain)
zookeeper-1  | [2026-05-04 14:48:15,463] INFO ServerMetrics initialized with provider org.apache.zookeeper.metrics.impl.DefaultMetricsProvider@4f67eb2a (org.apache.zookeeper.server.ServerMetrics)
zookeeper-1  | [2026-05-04 14:48:15,468] INFO zookeeper.snapshot.trust.empty : false (org.apache.zookeeper.server.persistence.FileTxnSnapLog)
zookeeper-1  | [2026-05-04 14:48:15,478] INFO  (org.apache.zookeeper.server.ZooKeeperServer)
zookeeper-1  | [2026-05-04 14:48:15,478] INFO   ______                  _                                           (org.apache.zookeeper.server.ZooKeeperServer)
zookeeper-1  | [2026-05-04 14:48:15,478] INFO  |___  /                 | |                                          (org.apache.zookeeper.server.ZooKeeperServer)
zookeeper-1  | [2026-05-04 14:48:15,479] INFO     / /    ___     ___   | | __   ___    ___   _ __     ___   _ __    (org.apache.zookeeper.server.ZooKeeperServer)
zookeeper-1  | [2026-05-04 14:48:15,479] INFO    / /    / _ \   / _ \  | |/ /  / _ \  / _ \ | '_ \   / _ \ | '__| (org.apache.zookeeper.server.ZooKeeperServer)
zookeeper-1  | [2026-05-04 14:48:15,479] INFO   / /__  | (_) | | (_) | |   <  |  __/ |  __/ | |_) | |  __/ | |     (org.apache.zookeeper.server.ZooKeeperServer)
zookeeper-1  | [2026-05-04 14:48:15,479] INFO  /_____|  \___/   \___/  |_|\_\  \___|  \___| | .__/   \___| |_| (org.apache.zookeeper.server.ZooKeeperServer)
zookeeper-1  | [2026-05-04 14:48:15,479] INFO                                               | |                      (org.apache.zookeeper.server.ZooKeeperServer)
zookeeper-1  | [2026-05-04 14:48:15,479] INFO                                               |_|                      (org.apache.zookeeper.server.ZooKeeperServer)
zookeeper-1  | [2026-05-04 14:48:15,479] INFO  (org.apache.zookeeper.server.ZooKeeperServer)
zookeeper-1  | [2026-05-04 14:48:15,480] INFO Server environment:zookeeper.version=3.6.4--d65253dcf68e9097c6e95a126463fd5fdeb4521c, built on 12/18/2022 18:10 GMT (org.apache.zookeeper.server.ZooKeeperServer)
zookeeper-1  | [2026-05-04 14:48:15,480] INFO Server environment:host.name=e99c72c141a9 (org.apache.zookeeper.server.ZooKeeperServer)
zookeeper-1  | [2026-05-04 14:48:15,480] INFO Server environment:java.version=11.0.18 (org.apache.zookeeper.server.ZooKeeperServer)
zookeeper-1  | [2026-05-04 14:48:15,480] INFO Server environment:java.vendor=Azul Systems, Inc. (org.apache.zookeeper.server.ZooKeeperServer)
zookeeper-1  | [2026-05-04 14:48:15,480] INFO Server environment:java.home=/usr/lib/jvm/zulu11-ca (org.apache.zookeeper.server.ZooKeeperServer)
zookeeper-1  | [2026-05-04 14:48:15,480] INFO Server environment:java.class.path=/usr/bin/../share/java/kafka/slf4j-api-1.7.36.jar:/usr/bin/../share/java/kafka/jose4j-0.7.9.jar:/usr/bin/../share/java/kafka/jackson-annotations-2.13.4.jar:/usr/bin/../share/java/kafka/kafka_2.13-7.4.0-ccs.jar:/usr/bin/../share/java/kafka/commons-lang3-3.8.1.jar:/usr/bin/../share/java/kafka/zookeeper-3.6.4.jar:/usr/bin/../share/java/kafka/jetty-continuation-9.4.48.v20220622.jar:/usr/bin/../share/java/kafka/netty-resolver-4.1.86.Final.jar:/usr/bin/../share/java/kafka/jackson-jaxrs-json-provider-2.13.4.jar:/usr/bin/../share/java/kafka/jakarta.activation-api-1.2.2.jar:/usr/bin/../share/java/kafka/hk2-locator-2.6.1.jar:/usr/bin/../share/java/kafka/jackson-module-jaxb-annotations-2.13.4.jar:/usr/bin/../share/java/kafka/jersey-container-servlet-2.34.jar:/usr/bin/../share/java/kafka/javax.servlet-api-3.1.0.jar:/usr/bin/../share/java/kafka/snappy-java-1.1.8.4.jar:/usr/bin/../share/java/kafka/argparse4j-0.7.0.jar:/usr/bin/../share/java/kafka/kafka.jar:/usr/bin/../share/java/kafka/kafka-raft-7.4.0-ccs.jar:/usr/bin/../share/java/kafka/connect-json-7.4.0-ccs.jar:/usr/bin/../share/java/kafka/javax.annotation-api-1.3.2.jar:/usr/bin/../share/java/kafka/netty-transport-native-unix-common-4.1.86.Final.jar:/usr/bin/../share/java/kafka/jetty-server-9.4.48.v20220622.jar:/usr/bin/../share/java/kafka/jersey-server-2.34.jar:/usr/bin/../share/java/kafka/kafka-log4j-appender-7.4.0-ccs.jar:/usr/bin/../share/java/kafka/rocksdbjni-7.1.2.jar:/usr/bin/../share/java/kafka/jersey-client-2.34.jar:/usr/bin/../share/java/kafka/hk2-api-2.6.1.jar:/usr/bin/../share/java/kafka/kafka-shell-7.4.0-ccs.jar:/usr/bin/../share/java/kafka/jackson-databind-2.13.4.2.jar:/usr/bin/../share/java/kafka/netty-buffer-4.1.86.Final.jar:/usr/bin/../share/java/kafka/activation-1.1.1.jar:/usr/bin/../share/java/kafka/jetty-servlet-9.4.48.v20220622.jar:/usr/bin/../share/java/kafka/jetty-util-9.4.48.v20220622.jar:/usr/bin/../share/java/kafka/jetty-security-9.4.48.v20220622.jar:/usr/bin/../share/java/kafka/jackson-core-2.13.4.jar:/usr/bin/../share/java/kafka/zstd-jni-1.5.2-1.jar:/usr/bin/../share/java/kafka/osgi-resource-locator-1.0.3.jar:/usr/bin/../share/java/kafka/connect-mirror-7.4.0-ccs.jar:/usr/bin/../share/java/kafka/kafka-clients-7.4.0-ccs.jar:/usr/bin/../share/java/kafka/connect-api-7.4.0-ccs.jar:/usr/bin/../share/java/kafka/jackson-dataformat-csv-2.13.4.jar:/usr/bin/../share/java/kafka/zookeeper-jute-3.6.4.jar:/usr/bin/../share/java/kafka/jetty-servlets-9.4.48.v20220622.jar:/usr/bin/../share/java/kafka/netty-handler-4.1.86.Final.jar:/usr/bin/../share/java/kafka/javassist-3.27.0-GA.jar:/usr/bin/../share/java/kafka/jakarta.validation-api-2.0.2.jar:/usr/bin/../share/java/kafka/scala-logging_2.13-3.9.4.jar:/usr/bin/../share/java/kafka/jersey-hk2-2.34.jar:/usr/bin/../share/java/kafka/netty-transport-classes-epoll-4.1.86.Final.jar:/usr/bin/../share/java/kafka/paranamer-2.8.jar:/usr/bin/../share/java/kafka/reflections-0.9.12.jar:/usr/bin/../share/java/kafka/jakarta.inject-2.6.1.jar:/usr/bin/../share/java/kafka/jetty-util-ajax-9.4.48.v20220622.jar:/usr/bin/../share/java/kafka/kafka-streams-7.4.0-ccs.jar:/usr/bin/../share/java/kafka/jakarta.ws.rs-api-2.1.6.jar:/usr/bin/../share/java/kafka/lz4-java-1.8.0.jar:/usr/bin/../share/java/kafka/metrics-core-4.1.12.1.jar:/usr/bin/../share/java/kafka/hk2-utils-2.6.1.jar:/usr/bin/../share/java/kafka/jline-3.21.0.jar:/usr/bin/../share/java/kafka/kafka-metadata-7.4.0-ccs.jar:/usr/bin/../share/java/kafka/scala-collection-compat_2.13-2.6.0.jar:/usr/bin/../share/java/kafka/scala-reflect-2.13.10.jar:/usr/bin/../share/java/kafka/reload4j-1.2.19.jar:/usr/bin/../share/java/kafka/jersey-common-2.34.jar:/usr/bin/../share/java/kafka/kafka-streams-test-utils-7.4.0-ccs.jar:/usr/bin/../share/java/kafka/netty-transport-4.1.86.Final.jar:/usr/bin/../share/java/kafka/kafka-storage-7.4.0-ccs.jar:/usr/bin/../share/java/kafka/plexus-utils-3.3.0.jar:/usr/bin/../share/java/kafka/netty-transport-native-epoll-4.1.86.Final.jar:/usr/bin/../share/java/kafka/slf4j-reload4j-1.7.36.jar:/usr/bin/../share/java/kafka/netty-codec-4.1.86.Final.jar:/usr/bin/../share/java/kafka/scala-java8-compat_2.13-1.0.2.jar:/usr/bin/../share/java/kafka/jakarta.annotation-api-1.3.5.jar:/usr/bin/../share/java/kafka/kafka-tools-7.4.0-ccs.jar:/usr/bin/../share/java/kafka/jersey-container-servlet-core-2.34.jar:/usr/bin/../share/java/kafka/aopalliance-repackaged-2.6.1.jar:/usr/bin/../share/java/kafka/swagger-annotations-2.2.0.jar:/usr/bin/../share/java/kafka/jopt-simple-5.0.4.jar:/usr/bin/../share/java/kafka/jaxb-api-2.3.0.jar:/usr/bin/../share/java/kafka/connect-basic-auth-extension-7.4.0-ccs.jar:/usr/bin/../share/java/kafka/javax.ws.rs-api-2.1.1.jar:/usr/bin/../share/java/kafka/scala-library-2.13.10.jar:/usr/bin/../share/java/kafka/connect-runtime-7.4.0-ccs.jar:/usr/bin/../share/java/kafka/metrics-core-2.2.0.jar:/usr/bin/../share/java/kafka/kafka-streams-examples-7.4.0-ccs.jar:/usr/bin/../share/java/kafka/trogdor-7.4.0-ccs.jar:/usr/bin/../share/java/kafka/jetty-io-9.4.48.v20220622.jar:/usr/bin/../share/java/kafka/jackson-module-scala_2.13-2.13.4.jar:/usr/bin/../share/java/kafka/commons-cli-1.4.jar:/usr/bin/../share/java/kafka/jakarta.xml.bind-api-2.3.3.jar:/usr/bin/../share/java/kafka/kafka-group-coordinator-7.4.0-ccs.jar:/usr/bin/../share/java/kafka/jetty-http-9.4.48.v20220622.jar:/usr/bin/../share/java/kafka/audience-annotations-0.13.0.jar:/usr/bin/../share/java/kafka/kafka-storage-api-7.4.0-ccs.jar:/usr/bin/../share/java/kafka/kafka-server-common-7.4.0-ccs.jar:/usr/bin/../share/java/kafka/jackson-jaxrs-base-2.13.4.jar:/usr/bin/../share/java/kafka/connect-transforms-7.4.0-ccs.jar:/usr/bin/../share/java/kafka/maven-artifact-3.8.4.jar:/usr/bin/../share/java/kafka/jetty-client-9.4.48.v20220622.jar:/usr/bin/../share/java/kafka/connect-mirror-client-7.4.0-ccs.jar:/usr/bin/../share/java/kafka/jackson-datatype-jdk8-2.13.4.jar:/usr/bin/../share/java/kafka/netty-common-4.1.86.Final.jar:/usr/bin/../share/java/kafka/kafka-streams-scala_2.13-7.4.0-ccs.jar:/usr/bin/../share/java/confluent-telemetry/* (org.apache.zookeeper.server.ZooKeeperServer)
zookeeper-1  | [2026-05-04 14:48:15,480] INFO Server environment:java.library.path=/usr/java/packages/lib:/usr/lib64:/lib64:/lib:/usr/lib (org.apache.zookeeper.server.ZooKeeperServer)
zookeeper-1  | [2026-05-04 14:48:15,480] INFO Server environment:java.io.tmpdir=/tmp (org.apache.zookeeper.server.ZooKeeperServer)
zookeeper-1  | [2026-05-04 14:48:15,480] INFO Server environment:java.compiler=<NA> (org.apache.zookeeper.server.ZooKeeperServer)
zookeeper-1  | [2026-05-04 14:48:15,480] INFO Server environment:os.name=Linux (org.apache.zookeeper.server.ZooKeeperServer)
zookeeper-1  | [2026-05-04 14:48:15,480] INFO Server environment:os.arch=amd64 (org.apache.zookeeper.server.ZooKeeperServer)
zookeeper-1  | [2026-05-04 14:48:15,480] INFO Server environment:os.version=6.17.0-23-generic (org.apache.zookeeper.server.ZooKeeperServer)
zookeeper-1  | [2026-05-04 14:48:15,480] INFO Server environment:user.name=appuser (org.apache.zookeeper.server.ZooKeeperServer)
zookeeper-1  | [2026-05-04 14:48:15,480] INFO Server environment:user.home=/home/appuser (org.apache.zookeeper.server.ZooKeeperServer)
zookeeper-1  | [2026-05-04 14:48:15,481] INFO Server environment:user.dir=/home/appuser (org.apache.zookeeper.server.ZooKeeperServer)
zookeeper-1  | [2026-05-04 14:48:15,481] INFO Server environment:os.memory.free=494MB (org.apache.zookeeper.server.ZooKeeperServer)
zookeeper-1  | [2026-05-04 14:48:15,481] INFO Server environment:os.memory.max=512MB (org.apache.zookeeper.server.ZooKeeperServer)
zookeeper-1  | [2026-05-04 14:48:15,481] INFO Server environment:os.memory.total=512MB (org.apache.zookeeper.server.ZooKeeperServer)
zookeeper-1  | [2026-05-04 14:48:15,481] INFO zookeeper.enableEagerACLCheck = false (org.apache.zookeeper.server.ZooKeeperServer)
zookeeper-1  | [2026-05-04 14:48:15,481] INFO zookeeper.digest.enabled = true (org.apache.zookeeper.server.ZooKeeperServer)
zookeeper-1  | [2026-05-04 14:48:15,481] INFO zookeeper.closeSessionTxn.enabled = true (org.apache.zookeeper.server.ZooKeeperServer)
zookeeper-1  | [2026-05-04 14:48:15,481] INFO zookeeper.flushDelay=0 (org.apache.zookeeper.server.ZooKeeperServer)
zookeeper-1  | [2026-05-04 14:48:15,481] INFO zookeeper.maxWriteQueuePollTime=0 (org.apache.zookeeper.server.ZooKeeperServer)
zookeeper-1  | [2026-05-04 14:48:15,481] INFO zookeeper.maxBatchSize=1000 (org.apache.zookeeper.server.ZooKeeperServer)
zookeeper-1  | [2026-05-04 14:48:15,481] INFO zookeeper.intBufferStartingSizeBytes = 1024 (org.apache.zookeeper.server.ZooKeeperServer)
zookeeper-1  | [2026-05-04 14:48:15,482] INFO Weighed connection throttling is disabled (org.apache.zookeeper.server.BlueThrottle)
zookeeper-1  | [2026-05-04 14:48:15,483] INFO minSessionTimeout set to 4000 (org.apache.zookeeper.server.ZooKeeperServer)
zookeeper-1  | [2026-05-04 14:48:15,483] INFO maxSessionTimeout set to 40000 (org.apache.zookeeper.server.ZooKeeperServer)
zookeeper-1  | [2026-05-04 14:48:15,484] INFO Response cache size is initialized with value 400. (org.apache.zookeeper.server.ResponseCache)
zookeeper-1  | [2026-05-04 14:48:15,484] INFO Response cache size is initialized with value 400. (org.apache.zookeeper.server.ResponseCache)
zookeeper-1  | [2026-05-04 14:48:15,485] INFO zookeeper.pathStats.slotCapacity = 60 (org.apache.zookeeper.server.util.RequestPathMetricsCollector)
zookeeper-1  | [2026-05-04 14:48:15,485] INFO zookeeper.pathStats.slotDuration = 15 (org.apache.zookeeper.server.util.RequestPathMetricsCollector)
zookeeper-1  | [2026-05-04 14:48:15,485] INFO zookeeper.pathStats.maxDepth = 6 (org.apache.zookeeper.server.util.RequestPathMetricsCollector)
zookeeper-1  | [2026-05-04 14:48:15,485] INFO zookeeper.pathStats.initialDelay = 5 (org.apache.zookeeper.server.util.RequestPathMetricsCollector)
zookeeper-1  | [2026-05-04 14:48:15,485] INFO zookeeper.pathStats.delay = 5 (org.apache.zookeeper.server.util.RequestPathMetricsCollector)
zookeeper-1  | [2026-05-04 14:48:15,485] INFO zookeeper.pathStats.enabled = false (org.apache.zookeeper.server.util.RequestPathMetricsCollector)
zookeeper-1  | [2026-05-04 14:48:15,488] INFO The max bytes for all large requests are set to 104857600 (org.apache.zookeeper.server.ZooKeeperServer)
zookeeper-1  | [2026-05-04 14:48:15,488] INFO The large request threshold is set to -1 (org.apache.zookeeper.server.ZooKeeperServer)
zookeeper-1  | [2026-05-04 14:48:15,488] INFO Created server with tickTime 2000 minSessionTimeout 4000 maxSessionTimeout 40000 clientPortListenBacklog -1 datadir /var/lib/zookeeper/log/version-2 snapdir /var/lib/zookeeper/data/version-2 (org.apache.zookeeper.server.ZooKeeperServer)
zookeeper-1  | [2026-05-04 14:48:15,520] INFO Logging initialized @781ms to org.eclipse.jetty.util.log.Slf4jLog (org.eclipse.jetty.util.log)
zookeeper-1  | [2026-05-04 14:48:15,637] WARN o.e.j.s.ServletContextHandler@126253fd{/,null,STOPPED} contextPath ends with /* (org.eclipse.jetty.server.handler.ContextHandler)
zookeeper-1  | [2026-05-04 14:48:15,637] WARN Empty contextPath (org.eclipse.jetty.server.handler.ContextHandler)
zookeeper-1  | [2026-05-04 14:48:15,700] INFO jetty-9.4.48.v20220622; built: 2022-06-21T20:42:25.880Z; git: 6b67c5719d1f4371b33655ff2d047d24e171e49a; jvm 11.0.18+10-LTS (org.eclipse.jetty.server.Server)
zookeeper-1  | [2026-05-04 14:48:15,743] INFO DefaultSessionIdManager workerName=node0 (org.eclipse.jetty.server.session)
zookeeper-1  | [2026-05-04 14:48:15,744] INFO No SessionScavenger set, using defaults (org.eclipse.jetty.server.session)
zookeeper-1  | [2026-05-04 14:48:15,745] INFO node0 Scavenging every 660000ms (org.eclipse.jetty.server.session)
zookeeper-1  | [2026-05-04 14:48:15,749] WARN ServletContext@o.e.j.s.ServletContextHandler@126253fd{/,null,STARTING} has uncovered http methods for path: /* (org.eclipse.jetty.security.SecurityHandler)
zookeeper-1  | [2026-05-04 14:48:15,760] INFO Started o.e.j.s.ServletContextHandler@126253fd{/,null,AVAILABLE} (org.eclipse.jetty.server.handler.ContextHandler)
zookeeper-1  | [2026-05-04 14:48:15,785] INFO Started ServerConnector@268f106e{HTTP/1.1, (http/1.1)}{0.0.0.0:8080} (org.eclipse.jetty.server.AbstractConnector)
zookeeper-1  | [2026-05-04 14:48:15,789] INFO Started @1050ms (org.eclipse.jetty.server.Server)
zookeeper-1  | [2026-05-04 14:48:15,789] INFO Started AdminServer on address 0.0.0.0, port 8080 and command URL /commands (org.apache.zookeeper.server.admin.JettyAdminServer)
zookeeper-1  | [2026-05-04 14:48:15,801] INFO Using org.apache.zookeeper.server.NIOServerCnxnFactory as server connection factory (org.apache.zookeeper.server.ServerCnxnFactory)
zookeeper-1  | [2026-05-04 14:48:15,803] WARN maxCnxns is not configured, using default value 0. (org.apache.zookeeper.server.ServerCnxnFactory)
zookeeper-1  | [2026-05-04 14:48:15,804] INFO Configuring NIO connection handler with 10s sessionless connection timeout, 2 selector thread(s), 16 worker threads, and 64 kB direct buffers. (org.apache.zookeeper.server.NIOServerCnxnFactory)
zookeeper-1  | [2026-05-04 14:48:15,805] INFO binding to port 0.0.0.0/0.0.0.0:2181 (org.apache.zookeeper.server.NIOServerCnxnFactory)
zookeeper-1  | [2026-05-04 14:48:15,834] INFO Using org.apache.zookeeper.server.watch.WatchManager as watch manager (org.apache.zookeeper.server.watch.WatchManagerFactory)
zookeeper-1  | [2026-05-04 14:48:15,835] INFO Using org.apache.zookeeper.server.watch.WatchManager as watch manager (org.apache.zookeeper.server.watch.WatchManagerFactory)
zookeeper-1  | [2026-05-04 14:48:15,840] INFO zookeeper.snapshotSizeFactor = 0.33 (org.apache.zookeeper.server.ZKDatabase)
zookeeper-1  | [2026-05-04 14:48:15,840] INFO zookeeper.commitLogCount=500 (org.apache.zookeeper.server.ZKDatabase)
zookeeper-1  | [2026-05-04 14:48:15,848] INFO zookeeper.snapshot.compression.method = CHECKED (org.apache.zookeeper.server.persistence.SnapStream)
zookeeper-1  | [2026-05-04 14:48:15,856] INFO Reading snapshot /var/lib/zookeeper/data/version-2/snapshot.165 (org.apache.zookeeper.server.persistence.FileSnap)
zookeeper-1  | [2026-05-04 14:48:15,877] INFO The digest in the snapshot has digest version of 2, , with zxid as 0x165, and digest value as 389121870266 (org.apache.zookeeper.server.DataTree)
zookeeper-1  | [2026-05-04 14:48:15,898] INFO ZooKeeper audit is disabled. (org.apache.zookeeper.audit.ZKAuditProvider)
zookeeper-1  | [2026-05-04 14:48:15,899] INFO 21 txns loaded in 13 ms (org.apache.zookeeper.server.persistence.FileTxnSnapLog)
zookeeper-1  | [2026-05-04 14:48:15,899] INFO Snapshot loaded in 59 ms, highest zxid is 0x17a, digest is 395495490173 (org.apache.zookeeper.server.ZKDatabase)
zookeeper-1  | [2026-05-04 14:48:15,900] INFO Snapshotting: 0x17a to /var/lib/zookeeper/data/version-2/snapshot.17a (org.apache.zookeeper.server.persistence.FileTxnSnapLog)
zookeeper-1  | [2026-05-04 14:48:15,906] INFO Snapshot taken in 7 ms (org.apache.zookeeper.server.ZooKeeperServer)
zookeeper-1  | [2026-05-04 14:48:15,920] INFO zookeeper.request_throttler.shutdownTimeout = 10000 (org.apache.zookeeper.server.RequestThrottler)
zookeeper-1  | [2026-05-04 14:48:15,920] INFO PrepRequestProcessor (sid:0) started, reconfigEnabled=false (org.apache.zookeeper.server.PrepRequestProcessor)
zookeeper-1  | [2026-05-04 14:48:15,942] INFO Using checkIntervalMs=60000 maxPerMinute=10000 maxNeverUsedIntervalMs=0 (org.apache.zookeeper.server.ContainerManager)
zookeeper-1  | [2026-05-04 14:48:16,196] INFO Creating new log file: log.17b (org.apache.zookeeper.server.persistence.FileTxnLog)
-------- kafka ----------
kafka-1  | [2026-05-04 15:22:02,421] TRACE [Controller id=1 epoch=10] Changed state of replica 1 for partition audit-telemetry-0 from NewReplica to OnlineReplica (state.change.logger)
kafka-1  | [2026-05-04 15:22:02,421] INFO [Controller id=1, targetBrokerId=1] Node 1 disconnected. (org.apache.kafka.clients.NetworkClient)
kafka-1  | [2026-05-04 15:22:02,421] INFO [Controller id=1 epoch=10] Sending UpdateMetadata request to brokers HashSet() for 0 partitions (state.change.logger)
kafka-1  | [2026-05-04 15:22:02,424] INFO [RequestSendThread controllerId=1] Controller 1 connected to kafka:9092 (id: 1 rack: null) for sending state change requests (kafka.controller.RequestSendThread)
kafka-1  | [2026-05-04 15:22:02,425] INFO [Broker id=1] Handling LeaderAndIsr request correlationId 3 from controller 1 for 1 partitions (state.change.logger)
kafka-1  | [2026-05-04 15:22:02,425] TRACE [Broker id=1] Received LeaderAndIsr request LeaderAndIsrPartitionState(topicName='audit-telemetry', partitionIndex=0, controllerEpoch=10, leader=1, leaderEpoch=0, isr=[1], partitionEpoch=0, replicas=[1], addingReplicas=[], removingReplicas=[], isNew=true, leaderRecoveryState=0) correlation id 3 from controller 1 epoch 10 (state.change.logger)
kafka-1  | [2026-05-04 15:22:02,426] TRACE [Broker id=1] Handling LeaderAndIsr request correlationId 3 from controller 1 epoch 10 starting the become-leader transition for partition audit-telemetry-0 (state.change.logger)
kafka-1  | [2026-05-04 15:22:02,426] INFO [ReplicaFetcherManager on broker 1] Removed fetcher for partitions Set(audit-telemetry-0) (kafka.server.ReplicaFetcherManager)
kafka-1  | [2026-05-04 15:22:02,426] INFO [Broker id=1] Stopped fetchers as part of LeaderAndIsr request correlationId 3 from controller 1 epoch 10 as part of the become-leader transition for 1 partitions (state.change.logger)
kafka-1  | [2026-05-04 15:22:02,430] INFO [LogLoader partition=audit-telemetry-0, dir=/var/lib/kafka/data] Loading producer state till offset 0 with message format version 2 (kafka.log.UnifiedLog$)
kafka-1  | [2026-05-04 15:22:02,433] INFO Created log for partition audit-telemetry-0 in /var/lib/kafka/data/audit-telemetry-0 with properties {cleanup.policy=delete, retention.ms=604800000} (kafka.log.LogManager)
kafka-1  | [2026-05-04 15:22:02,434] INFO [Partition audit-telemetry-0 broker=1] No checkpointed highwatermark is found for partition audit-telemetry-0 (kafka.cluster.Partition)
kafka-1  | [2026-05-04 15:22:02,434] INFO [Partition audit-telemetry-0 broker=1] Log loaded for partition audit-telemetry-0 with initial high watermark 0 (kafka.cluster.Partition)
kafka-1  | [2026-05-04 15:22:02,434] INFO [Broker id=1] Leader audit-telemetry-0 with topic id Some(XaVm9wGJQm6DFmNTugc3Ag) starts at leader epoch 0 from offset 0 with partition epoch 0, high watermark 0, ISR [1], adding replicas [] and removing replicas []. Previous leader epoch was -1. (state.change.logger)
kafka-1  | [2026-05-04 15:22:02,438] TRACE [Broker id=1] Completed LeaderAndIsr request correlationId 3 from controller 1 epoch 10 for the become-leader transition for partition audit-telemetry-0 (state.change.logger)
kafka-1  | [2026-05-04 15:22:02,439] INFO [Broker id=1] Finished LeaderAndIsr request in 14ms correlationId 3 from controller 1 for 1 partitions (state.change.logger)
kafka-1  | [2026-05-04 15:22:02,440] TRACE [Controller id=1 epoch=10] Received response LeaderAndIsrResponseData(errorCode=0, partitionErrors=[], topics=[LeaderAndIsrTopicError(topicId=XaVm9wGJQm6DFmNTugc3Ag, partitionErrors=[LeaderAndIsrPartitionError(topicName='', partitionIndex=0, errorCode=0)])]) for request LEADER_AND_ISR with correlation id 3 sent to broker kafka:9092 (id: 1 rack: null) (state.change.logger)
kafka-1  | [2026-05-04 15:22:02,440] TRACE [Broker id=1] Cached leader info UpdateMetadataPartitionState(topicName='audit-telemetry', partitionIndex=0, controllerEpoch=10, leader=1, leaderEpoch=0, isr=[1], zkVersion=0, replicas=[1], offlineReplicas=[]) for partition audit-telemetry-0 in response to UpdateMetadata request sent by controller 1 epoch 10 with correlation id 4 (state.change.logger)
kafka-1  | [2026-05-04 15:22:02,440] INFO [Broker id=1] Add 1 partitions and deleted 0 partitions from metadata cache in response to UpdateMetadata request sent by controller 1 epoch 10 with correlation id 4 (state.change.logger)
kafka-1  | [2026-05-04 15:22:02,443] TRACE [Controller id=1 epoch=10] Received response UpdateMetadataResponseData(errorCode=0) for request UPDATE_METADATA with correlation id 4 sent to broker kafka:9092 (id: 1 rack: null) (state.change.logger)
kafka-1  | [2026-05-04 15:23:26,399] INFO [Controller id=1] Processing automatic preferred replica leader election (kafka.controller.KafkaController)
kafka-1  | [2026-05-04 15:23:26,399] TRACE [Controller id=1] Checking need to trigger auto leader balancing (kafka.controller.KafkaController)
kafka-1  | [2026-05-04 15:23:26,400] DEBUG [Controller id=1] Topics not in preferred replica for broker 1 HashMap() (kafka.controller.KafkaController)
kafka-1  | [2026-05-04 15:23:26,400] TRACE [Controller id=1] Leader imbalance ratio for broker 1 is 0.0 (kafka.controller.KafkaController)
kafka-1  | [2026-05-04 15:28:26,400] INFO [Controller id=1] Processing automatic preferred replica leader election (kafka.controller.KafkaController)
kafka-1  | [2026-05-04 15:28:26,400] TRACE [Controller id=1] Checking need to trigger auto leader balancing (kafka.controller.KafkaController)
kafka-1  | [2026-05-04 15:28:26,401] DEBUG [Controller id=1] Topics not in preferred replica for broker 1 HashMap() (kafka.controller.KafkaController)
kafka-1  | [2026-05-04 15:28:26,401] TRACE [Controller id=1] Leader imbalance ratio for broker 1 is 0.0 (kafka.controller.KafkaController)
kafka-1  | [2026-05-04 15:33:26,401] INFO [Controller id=1] Processing automatic preferred replica leader election (kafka.controller.KafkaController)
kafka-1  | [2026-05-04 15:33:26,401] TRACE [Controller id=1] Checking need to trigger auto leader balancing (kafka.controller.KafkaController)
kafka-1  | [2026-05-04 15:33:26,402] DEBUG [Controller id=1] Topics not in preferred replica for broker 1 HashMap() (kafka.controller.KafkaController)
kafka-1  | [2026-05-04 15:33:26,402] TRACE [Controller id=1] Leader imbalance ratio for broker 1 is 0.0 (kafka.controller.KafkaController)
kafka-1  | [2026-05-04 15:38:26,402] INFO [Controller id=1] Processing automatic preferred replica leader election (kafka.controller.KafkaController)
kafka-1  | [2026-05-04 15:38:26,402] TRACE [Controller id=1] Checking need to trigger auto leader balancing (kafka.controller.KafkaController)
kafka-1  | [2026-05-04 15:38:26,403] DEBUG [Controller id=1] Topics not in preferred replica for broker 1 HashMap() (kafka.controller.KafkaController)
kafka-1  | [2026-05-04 15:38:26,403] TRACE [Controller id=1] Leader imbalance ratio for broker 1 is 0.0 (kafka.controller.KafkaController)
kafka-1  | [2026-05-04 15:43:26,403] INFO [Controller id=1] Processing automatic preferred replica leader election (kafka.controller.KafkaController)
kafka-1  | [2026-05-04 15:43:26,403] TRACE [Controller id=1] Checking need to trigger auto leader balancing (kafka.controller.KafkaController)
kafka-1  | [2026-05-04 15:43:26,404] DEBUG [Controller id=1] Topics not in preferred replica for broker 1 HashMap() (kafka.controller.KafkaController)
kafka-1  | [2026-05-04 15:43:26,404] TRACE [Controller id=1] Leader imbalance ratio for broker 1 is 0.0 (kafka.controller.KafkaController)
kafka-1  | [2026-05-04 15:48:12,387] INFO [GroupCoordinator 1]: Preparing to rebalance group kafka-connect-group in state PreparingRebalance with old generation 19 (__consumer_offsets-19) (reason: Removing member connect-1-f6ee66fd-8582-4e90-85e3-6d9a2b3b8708 on LeaveGroup; client reason: the consumer is being closed) (kafka.coordinator.group.GroupCoordinator)
kafka-1  | [2026-05-04 15:48:12,387] INFO [GroupCoordinator 1]: Group kafka-connect-group with generation 20 is now empty (__consumer_offsets-19) (kafka.coordinator.group.GroupCoordinator)
kafka-1  | [2026-05-04 15:48:12,389] INFO [GroupCoordinator 1]: Member MemberMetadata(memberId=connect-1-f6ee66fd-8582-4e90-85e3-6d9a2b3b8708, groupInstanceId=None, clientId=connect-1, clientHost=/172.23.0.8, sessionTimeoutMs=10000, rebalanceTimeoutMs=60000, supportedProtocols=List(sessioned, compatible, default)) has left group kafka-connect-group through explicit `LeaveGroup`; client reason: the consumer is being closed (kafka.coordinator.group.GroupCoordinator)
kafka-1  | [2026-05-04 15:48:21,041] INFO [GroupMetadataManager brokerId=1] Group kafka-connect-group transitioned to Dead in generation 20 (kafka.coordinator.group.GroupMetadataManager)
kafka-1  | [2026-05-04 15:48:26,404] INFO [Controller id=1] Processing automatic preferred replica leader election (kafka.controller.KafkaController)
kafka-1  | [2026-05-04 15:48:26,404] TRACE [Controller id=1] Checking need to trigger auto leader balancing (kafka.controller.KafkaController)
kafka-1  | [2026-05-04 15:48:26,405] DEBUG [Controller id=1] Topics not in preferred replica for broker 1 HashMap() (kafka.controller.KafkaController)
kafka-1  | [2026-05-04 15:48:26,405] TRACE [Controller id=1] Leader imbalance ratio for broker 1 is 0.0 (kafka.controller.KafkaController)
kafka-1  | [2026-05-04 15:51:50,923] INFO [GroupCoordinator 1]: Dynamic member with unknown member id joins group kafka-connect-group in Empty state. Created a new member id connect-1-89563410-43b4-4e9a-8adb-044dbb07c81e and request the member to rejoin with this id. (kafka.coordinator.group.GroupCoordinator)
kafka-1  | [2026-05-04 15:51:50,931] INFO [GroupCoordinator 1]: Preparing to rebalance group kafka-connect-group in state PreparingRebalance with old generation 0 (__consumer_offsets-19) (reason: Adding new member connect-1-89563410-43b4-4e9a-8adb-044dbb07c81e with group instance id None; client reason: rebalance failed due to MemberIdRequiredException) (kafka.coordinator.group.GroupCoordinator)
kafka-1  | [2026-05-04 15:51:53,932] INFO [GroupCoordinator 1]: Stabilized group kafka-connect-group generation 1 (__consumer_offsets-19) with 1 members (kafka.coordinator.group.GroupCoordinator)
kafka-1  | [2026-05-04 15:51:53,944] INFO [GroupCoordinator 1]: Assignment received from leader connect-1-89563410-43b4-4e9a-8adb-044dbb07c81e for group kafka-connect-group for generation 1. The group has 1 members, 0 of which are static. (kafka.coordinator.group.GroupCoordinator)
kafka-1  | [2026-05-04 15:53:26,406] INFO [Controller id=1] Processing automatic preferred replica leader election (kafka.controller.KafkaController)
kafka-1  | [2026-05-04 15:53:26,406] TRACE [Controller id=1] Checking need to trigger auto leader balancing (kafka.controller.KafkaController)
kafka-1  | [2026-05-04 15:53:26,406] DEBUG [Controller id=1] Topics not in preferred replica for broker 1 HashMap() (kafka.controller.KafkaController)
kafka-1  | [2026-05-04 15:53:26,406] TRACE [Controller id=1] Leader imbalance ratio for broker 1 is 0.0 (kafka.controller.KafkaController)
kafka-1  | [2026-05-04 15:53:51,141] INFO [GroupCoordinator 1]: Preparing to rebalance group kafka-connect-group in state PreparingRebalance with old generation 1 (__consumer_offsets-19) (reason: Removing member connect-1-89563410-43b4-4e9a-8adb-044dbb07c81e on LeaveGroup; client reason: the consumer is being closed) (kafka.coordinator.group.GroupCoordinator)
kafka-1  | [2026-05-04 15:53:51,141] INFO [GroupCoordinator 1]: Group kafka-connect-group with generation 2 is now empty (__consumer_offsets-19) (kafka.coordinator.group.GroupCoordinator)
kafka-1  | [2026-05-04 15:53:51,142] INFO [GroupCoordinator 1]: Member MemberMetadata(memberId=connect-1-89563410-43b4-4e9a-8adb-044dbb07c81e, groupInstanceId=None, clientId=connect-1, clientHost=/172.23.0.8, sessionTimeoutMs=10000, rebalanceTimeoutMs=60000, supportedProtocols=List(sessioned, compatible, default)) has left group kafka-connect-group through explicit `LeaveGroup`; client reason: the consumer is being closed (kafka.coordinator.group.GroupCoordinator)
kafka-1  | [2026-05-04 15:55:11,286] INFO [GroupCoordinator 1]: Dynamic member with unknown member id joins group kafka-connect-group in Empty state. Created a new member id connect-1-640a9a59-d3f6-49f0-a5d8-eff8fb20d03b and request the member to rejoin with this id. (kafka.coordinator.group.GroupCoordinator)
kafka-1  | [2026-05-04 15:55:11,289] INFO [GroupCoordinator 1]: Preparing to rebalance group kafka-connect-group in state PreparingRebalance with old generation 2 (__consumer_offsets-19) (reason: Adding new member connect-1-640a9a59-d3f6-49f0-a5d8-eff8fb20d03b with group instance id None; client reason: rebalance failed due to MemberIdRequiredException) (kafka.coordinator.group.GroupCoordinator)
kafka-1  | [2026-05-04 15:55:14,290] INFO [GroupCoordinator 1]: Stabilized group kafka-connect-group generation 3 (__consumer_offsets-19) with 1 members (kafka.coordinator.group.GroupCoordinator)
kafka-1  | [2026-05-04 15:55:14,303] INFO [GroupCoordinator 1]: Assignment received from leader connect-1-640a9a59-d3f6-49f0-a5d8-eff8fb20d03b for group kafka-connect-group for generation 3. The group has 1 members, 0 of which are static. (kafka.coordinator.group.GroupCoordinator)
kafka-1  | [2026-05-04 15:58:26,407] INFO [Controller id=1] Processing automatic preferred replica leader election (kafka.controller.KafkaController)
kafka-1  | [2026-05-04 15:58:26,407] TRACE [Controller id=1] Checking need to trigger auto leader balancing (kafka.controller.KafkaController)
kafka-1  | [2026-05-04 15:58:26,407] DEBUG [Controller id=1] Topics not in preferred replica for broker 1 HashMap() (kafka.controller.KafkaController)
kafka-1  | [2026-05-04 15:58:26,407] TRACE [Controller id=1] Leader imbalance ratio for broker 1 is 0.0 (kafka.controller.KafkaController)
kafka-1  | [2026-05-04 15:59:41,932] INFO [GroupCoordinator 1]: Preparing to rebalance group kafka-connect-group in state PreparingRebalance with old generation 3 (__consumer_offsets-19) (reason: Leader connect-1-640a9a59-d3f6-49f0-a5d8-eff8fb20d03b re-joining group during Stable; client reason: ) (kafka.coordinator.group.GroupCoordinator)
kafka-1  | [2026-05-04 15:59:41,932] INFO [GroupCoordinator 1]: Stabilized group kafka-connect-group generation 4 (__consumer_offsets-19) with 1 members (kafka.coordinator.group.GroupCoordinator)
kafka-1  | [2026-05-04 15:59:41,938] INFO [GroupCoordinator 1]: Assignment received from leader connect-1-640a9a59-d3f6-49f0-a5d8-eff8fb20d03b for group kafka-connect-group for generation 4. The group has 1 members, 0 of which are static. (kafka.coordinator.group.GroupCoordinator)
kafka-1  | [2026-05-04 15:59:41,977] INFO [GroupCoordinator 1]: Preparing to rebalance group kafka-connect-group in state PreparingRebalance with old generation 4 (__consumer_offsets-19) (reason: Leader connect-1-640a9a59-d3f6-49f0-a5d8-eff8fb20d03b re-joining group during Stable; client reason: ) (kafka.coordinator.group.GroupCoordinator)
kafka-1  | [2026-05-04 15:59:41,977] INFO [GroupCoordinator 1]: Stabilized group kafka-connect-group generation 5 (__consumer_offsets-19) with 1 members (kafka.coordinator.group.GroupCoordinator)
kafka-1  | [2026-05-04 15:59:41,982] INFO [GroupCoordinator 1]: Assignment received from leader connect-1-640a9a59-d3f6-49f0-a5d8-eff8fb20d03b for group kafka-connect-group for generation 5. The group has 1 members, 0 of which are static. (kafka.coordinator.group.GroupCoordinator)
kafka-1  | [2026-05-04 15:59:42,049] INFO [GroupCoordinator 1]: Dynamic member with unknown member id joins group connect-mongo-sink-otel in Empty state. Created a new member id connector-consumer-mongo-sink-otel-0-36509c51-78ca-4e26-a31d-a69c611816d4 and request the member to rejoin with this id. (kafka.coordinator.group.GroupCoordinator)
kafka-1  | [2026-05-04 15:59:42,050] INFO [GroupCoordinator 1]: Preparing to rebalance group connect-mongo-sink-otel in state PreparingRebalance with old generation 0 (__consumer_offsets-12) (reason: Adding new member connector-consumer-mongo-sink-otel-0-36509c51-78ca-4e26-a31d-a69c611816d4 with group instance id None; client reason: rebalance failed due to MemberIdRequiredException) (kafka.coordinator.group.GroupCoordinator)
kafka-1  | [2026-05-04 15:59:45,055] INFO [GroupCoordinator 1]: Stabilized group connect-mongo-sink-otel generation 1 (__consumer_offsets-12) with 1 members (kafka.coordinator.group.GroupCoordinator)
kafka-1  | [2026-05-04 15:59:45,060] INFO [GroupCoordinator 1]: Assignment received from leader connector-consumer-mongo-sink-otel-0-36509c51-78ca-4e26-a31d-a69c611816d4 for group connect-mongo-sink-otel for generation 1. The group has 1 members, 0 of which are static. (kafka.coordinator.group.GroupCoordinator)
kafka-1  | [2026-05-04 16:03:26,408] INFO [Controller id=1] Processing automatic preferred replica leader election (kafka.controller.KafkaController)
kafka-1  | [2026-05-04 16:03:26,408] TRACE [Controller id=1] Checking need to trigger auto leader balancing (kafka.controller.KafkaController)
kafka-1  | [2026-05-04 16:03:26,408] DEBUG [Controller id=1] Topics not in preferred replica for broker 1 HashMap() (kafka.controller.KafkaController)
kafka-1  | [2026-05-04 16:03:26,408] TRACE [Controller id=1] Leader imbalance ratio for broker 1 is 0.0 (kafka.controller.KafkaController)
kafka-1  | [2026-05-04 16:08:26,408] INFO [Controller id=1] Processing automatic preferred replica leader election (kafka.controller.KafkaController)
kafka-1  | [2026-05-04 16:08:26,408] TRACE [Controller id=1] Checking need to trigger auto leader balancing (kafka.controller.KafkaController)
kafka-1  | [2026-05-04 16:08:26,409] DEBUG [Controller id=1] Topics not in preferred replica for broker 1 HashMap() (kafka.controller.KafkaController)
kafka-1  | [2026-05-04 16:08:26,409] TRACE [Controller id=1] Leader imbalance ratio for broker 1 is 0.0 (kafka.controller.KafkaController)
kafka-1  | [2026-05-04 16:13:26,409] INFO [Controller id=1] Processing automatic preferred replica leader election (kafka.controller.KafkaController)
kafka-1  | [2026-05-04 16:13:26,409] TRACE [Controller id=1] Checking need to trigger auto leader balancing (kafka.controller.KafkaController)
kafka-1  | [2026-05-04 16:13:26,410] DEBUG [Controller id=1] Topics not in preferred replica for broker 1 HashMap() (kafka.controller.KafkaController)
kafka-1  | [2026-05-04 16:13:26,410] TRACE [Controller id=1] Leader imbalance ratio for broker 1 is 0.0 (kafka.controller.KafkaController)
kafka-1  | [2026-05-04 16:17:32,076] INFO [GroupCoordinator 1]: Dynamic member with unknown member id joins group console-consumer-18876 in Empty state. Created a new member id console-consumer-5ec945d4-6113-4fc0-a8d0-0c97f7851619 and request the member to rejoin with this id. (kafka.coordinator.group.GroupCoordinator)
kafka-1  | [2026-05-04 16:17:32,078] INFO [GroupCoordinator 1]: Preparing to rebalance group console-consumer-18876 in state PreparingRebalance with old generation 0 (__consumer_offsets-1) (reason: Adding new member console-consumer-5ec945d4-6113-4fc0-a8d0-0c97f7851619 with group instance id None; client reason: rebalance failed due to MemberIdRequiredException) (kafka.coordinator.group.GroupCoordinator)
kafka-1  | [2026-05-04 16:17:35,079] INFO [GroupCoordinator 1]: Stabilized group console-consumer-18876 generation 1 (__consumer_offsets-1) with 1 members (kafka.coordinator.group.GroupCoordinator)
kafka-1  | [2026-05-04 16:17:35,089] INFO [GroupCoordinator 1]: Assignment received from leader console-consumer-5ec945d4-6113-4fc0-a8d0-0c97f7851619 for group console-consumer-18876 for generation 1. The group has 1 members, 0 of which are static. (kafka.coordinator.group.GroupCoordinator)
kafka-1  | [2026-05-04 16:18:26,411] INFO [Controller id=1] Processing automatic preferred replica leader election (kafka.controller.KafkaController)
kafka-1  | [2026-05-04 16:18:26,411] TRACE [Controller id=1] Checking need to trigger auto leader balancing (kafka.controller.KafkaController)
kafka-1  | [2026-05-04 16:18:26,411] DEBUG [Controller id=1] Topics not in preferred replica for broker 1 HashMap() (kafka.controller.KafkaController)
kafka-1  | [2026-05-04 16:18:26,411] TRACE [Controller id=1] Leader imbalance ratio for broker 1 is 0.0 (kafka.controller.KafkaController)
kafka-1  | [2026-05-04 16:18:38,668] INFO [GroupCoordinator 1]: Preparing to rebalance group console-consumer-18876 in state PreparingRebalance with old generation 1 (__consumer_offsets-1) (reason: Removing member console-consumer-5ec945d4-6113-4fc0-a8d0-0c97f7851619 on LeaveGroup; client reason: the consumer is being closed) (kafka.coordinator.group.GroupCoordinator)
kafka-1  | [2026-05-04 16:18:38,668] INFO [GroupCoordinator 1]: Group console-consumer-18876 with generation 2 is now empty (__consumer_offsets-1) (kafka.coordinator.group.GroupCoordinator)
kafka-1  | [2026-05-04 16:18:38,668] INFO [GroupCoordinator 1]: Member MemberMetadata(memberId=console-consumer-5ec945d4-6113-4fc0-a8d0-0c97f7851619, groupInstanceId=None, clientId=console-consumer, clientHost=/172.23.0.4, sessionTimeoutMs=45000, rebalanceTimeoutMs=300000, supportedProtocols=List(range, cooperative-sticky)) has left group console-consumer-18876 through explicit `LeaveGroup`; client reason: the consumer is being closed (kafka.coordinator.group.GroupCoordinator)
-------- kafka-ui ----------
kafka-ui-1  | [30m2026-05-04 15:57:20,036[0;39m [39mDEBUG[0;39m [[34mparallel-7[0;39m] [33mc.p.k.u.s.ClustersStatisticsScheduler[0;39m: Start getting metrics for kafkaCluster: local
kafka-ui-1  | [30m2026-05-04 15:57:20,046[0;39m [39mDEBUG[0;39m [[34mparallel-4[0;39m] [33mc.p.k.u.s.ClustersStatisticsScheduler[0;39m: Metrics updated for cluster: local
kafka-ui-1  | [30m2026-05-04 15:57:50,036[0;39m [39mDEBUG[0;39m [[34mparallel-5[0;39m] [33mc.p.k.u.s.ClustersStatisticsScheduler[0;39m: Start getting metrics for kafkaCluster: local
kafka-ui-1  | [30m2026-05-04 15:57:50,047[0;39m [39mDEBUG[0;39m [[34mparallel-2[0;39m] [33mc.p.k.u.s.ClustersStatisticsScheduler[0;39m: Metrics updated for cluster: local
kafka-ui-1  | [30m2026-05-04 15:58:20,036[0;39m [39mDEBUG[0;39m [[34mparallel-3[0;39m] [33mc.p.k.u.s.ClustersStatisticsScheduler[0;39m: Start getting metrics for kafkaCluster: local
kafka-ui-1  | [30m2026-05-04 15:58:20,042[0;39m [39mDEBUG[0;39m [[34mparallel-8[0;39m] [33mc.p.k.u.s.ClustersStatisticsScheduler[0;39m: Metrics updated for cluster: local
kafka-ui-1  | [30m2026-05-04 15:58:50,036[0;39m [39mDEBUG[0;39m [[34mparallel-1[0;39m] [33mc.p.k.u.s.ClustersStatisticsScheduler[0;39m: Start getting metrics for kafkaCluster: local
kafka-ui-1  | [30m2026-05-04 15:58:50,048[0;39m [39mDEBUG[0;39m [[34mparallel-6[0;39m] [33mc.p.k.u.s.ClustersStatisticsScheduler[0;39m: Metrics updated for cluster: local
kafka-ui-1  | [30m2026-05-04 15:59:20,036[0;39m [39mDEBUG[0;39m [[34mparallel-7[0;39m] [33mc.p.k.u.s.ClustersStatisticsScheduler[0;39m: Start getting metrics for kafkaCluster: local
kafka-ui-1  | [30m2026-05-04 15:59:20,041[0;39m [39mDEBUG[0;39m [[34mparallel-4[0;39m] [33mc.p.k.u.s.ClustersStatisticsScheduler[0;39m: Metrics updated for cluster: local
kafka-ui-1  | [30m2026-05-04 15:59:50,036[0;39m [39mDEBUG[0;39m [[34mparallel-5[0;39m] [33mc.p.k.u.s.ClustersStatisticsScheduler[0;39m: Start getting metrics for kafkaCluster: local
kafka-ui-1  | [30m2026-05-04 15:59:50,049[0;39m [39mDEBUG[0;39m [[34mparallel-8[0;39m] [33mc.p.k.u.s.ClustersStatisticsScheduler[0;39m: Metrics updated for cluster: local
kafka-ui-1  | [30m2026-05-04 16:00:20,036[0;39m [39mDEBUG[0;39m [[34mparallel-3[0;39m] [33mc.p.k.u.s.ClustersStatisticsScheduler[0;39m: Start getting metrics for kafkaCluster: local
kafka-ui-1  | [30m2026-05-04 16:00:20,049[0;39m [39mDEBUG[0;39m [[34mparallel-7[0;39m] [33mc.p.k.u.s.ClustersStatisticsScheduler[0;39m: Metrics updated for cluster: local
kafka-ui-1  | [30m2026-05-04 16:00:50,036[0;39m [39mDEBUG[0;39m [[34mparallel-1[0;39m] [33mc.p.k.u.s.ClustersStatisticsScheduler[0;39m: Start getting metrics for kafkaCluster: local
kafka-ui-1  | [30m2026-05-04 16:00:50,047[0;39m [39mDEBUG[0;39m [[34mparallel-4[0;39m] [33mc.p.k.u.s.ClustersStatisticsScheduler[0;39m: Metrics updated for cluster: local
kafka-ui-1  | [30m2026-05-04 16:01:20,036[0;39m [39mDEBUG[0;39m [[34mparallel-7[0;39m] [33mc.p.k.u.s.ClustersStatisticsScheduler[0;39m: Start getting metrics for kafkaCluster: local
kafka-ui-1  | [30m2026-05-04 16:01:20,040[0;39m [39mDEBUG[0;39m [[34mparallel-4[0;39m] [33mc.p.k.u.s.ClustersStatisticsScheduler[0;39m: Metrics updated for cluster: local
kafka-ui-1  | [30m2026-05-04 16:01:50,036[0;39m [39mDEBUG[0;39m [[34mparallel-1[0;39m] [33mc.p.k.u.s.ClustersStatisticsScheduler[0;39m: Start getting metrics for kafkaCluster: local
kafka-ui-1  | [30m2026-05-04 16:01:50,047[0;39m [39mDEBUG[0;39m [[34mparallel-6[0;39m] [33mc.p.k.u.s.ClustersStatisticsScheduler[0;39m: Metrics updated for cluster: local
kafka-ui-1  | [30m2026-05-04 16:02:20,036[0;39m [39mDEBUG[0;39m [[34mparallel-2[0;39m] [33mc.p.k.u.s.ClustersStatisticsScheduler[0;39m: Start getting metrics for kafkaCluster: local
kafka-ui-1  | [30m2026-05-04 16:02:20,044[0;39m [39mDEBUG[0;39m [[34mparallel-7[0;39m] [33mc.p.k.u.s.ClustersStatisticsScheduler[0;39m: Metrics updated for cluster: local
kafka-ui-1  | [30m2026-05-04 16:02:50,036[0;39m [39mDEBUG[0;39m [[34mparallel-4[0;39m] [33mc.p.k.u.s.ClustersStatisticsScheduler[0;39m: Start getting metrics for kafkaCluster: local
kafka-ui-1  | [30m2026-05-04 16:02:50,046[0;39m [39mDEBUG[0;39m [[34mparallel-8[0;39m] [33mc.p.k.u.s.ClustersStatisticsScheduler[0;39m: Metrics updated for cluster: local
kafka-ui-1  | [30m2026-05-04 16:03:20,036[0;39m [39mDEBUG[0;39m [[34mparallel-2[0;39m] [33mc.p.k.u.s.ClustersStatisticsScheduler[0;39m: Start getting metrics for kafkaCluster: local
kafka-ui-1  | [30m2026-05-04 16:03:20,041[0;39m [39mDEBUG[0;39m [[34mparallel-6[0;39m] [33mc.p.k.u.s.ClustersStatisticsScheduler[0;39m: Metrics updated for cluster: local
kafka-ui-1  | [30m2026-05-04 16:03:50,036[0;39m [39mDEBUG[0;39m [[34mparallel-8[0;39m] [33mc.p.k.u.s.ClustersStatisticsScheduler[0;39m: Start getting metrics for kafkaCluster: local
kafka-ui-1  | [30m2026-05-04 16:03:50,047[0;39m [39mDEBUG[0;39m [[34mparallel-5[0;39m] [33mc.p.k.u.s.ClustersStatisticsScheduler[0;39m: Metrics updated for cluster: local
kafka-ui-1  | [30m2026-05-04 16:04:20,036[0;39m [39mDEBUG[0;39m [[34mparallel-6[0;39m] [33mc.p.k.u.s.ClustersStatisticsScheduler[0;39m: Start getting metrics for kafkaCluster: local
kafka-ui-1  | [30m2026-05-04 16:04:20,040[0;39m [39mDEBUG[0;39m [[34mparallel-3[0;39m] [33mc.p.k.u.s.ClustersStatisticsScheduler[0;39m: Metrics updated for cluster: local
kafka-ui-1  | [30m2026-05-04 16:04:50,036[0;39m [39mDEBUG[0;39m [[34mparallel-4[0;39m] [33mc.p.k.u.s.ClustersStatisticsScheduler[0;39m: Start getting metrics for kafkaCluster: local
kafka-ui-1  | [30m2026-05-04 16:04:50,049[0;39m [39mDEBUG[0;39m [[34mparallel-1[0;39m] [33mc.p.k.u.s.ClustersStatisticsScheduler[0;39m: Metrics updated for cluster: local
kafka-ui-1  | [30m2026-05-04 16:05:20,036[0;39m [39mDEBUG[0;39m [[34mparallel-2[0;39m] [33mc.p.k.u.s.ClustersStatisticsScheduler[0;39m: Start getting metrics for kafkaCluster: local
kafka-ui-1  | [30m2026-05-04 16:05:20,047[0;39m [39mDEBUG[0;39m [[34mparallel-7[0;39m] [33mc.p.k.u.s.ClustersStatisticsScheduler[0;39m: Metrics updated for cluster: local
kafka-ui-1  | [30m2026-05-04 16:05:50,036[0;39m [39mDEBUG[0;39m [[34mparallel-8[0;39m] [33mc.p.k.u.s.ClustersStatisticsScheduler[0;39m: Start getting metrics for kafkaCluster: local
kafka-ui-1  | [30m2026-05-04 16:05:50,040[0;39m [39mDEBUG[0;39m [[34mparallel-5[0;39m] [33mc.p.k.u.s.ClustersStatisticsScheduler[0;39m: Metrics updated for cluster: local
kafka-ui-1  | [30m2026-05-04 16:06:20,036[0;39m [39mDEBUG[0;39m [[34mparallel-5[0;39m] [33mc.p.k.u.s.ClustersStatisticsScheduler[0;39m: Start getting metrics for kafkaCluster: local
kafka-ui-1  | [30m2026-05-04 16:06:20,041[0;39m [39mDEBUG[0;39m [[34mparallel-2[0;39m] [33mc.p.k.u.s.ClustersStatisticsScheduler[0;39m: Metrics updated for cluster: local
kafka-ui-1  | [30m2026-05-04 16:06:50,036[0;39m [39mDEBUG[0;39m [[34mparallel-1[0;39m] [33mc.p.k.u.s.ClustersStatisticsScheduler[0;39m: Start getting metrics for kafkaCluster: local
kafka-ui-1  | [30m2026-05-04 16:06:50,040[0;39m [39mDEBUG[0;39m [[34mparallel-6[0;39m] [33mc.p.k.u.s.ClustersStatisticsScheduler[0;39m: Metrics updated for cluster: local
kafka-ui-1  | [30m2026-05-04 16:07:20,036[0;39m [39mDEBUG[0;39m [[34mparallel-5[0;39m] [33mc.p.k.u.s.ClustersStatisticsScheduler[0;39m: Start getting metrics for kafkaCluster: local
kafka-ui-1  | [30m2026-05-04 16:07:20,049[0;39m [39mDEBUG[0;39m [[34mparallel-8[0;39m] [33mc.p.k.u.s.ClustersStatisticsScheduler[0;39m: Metrics updated for cluster: local
kafka-ui-1  | [30m2026-05-04 16:07:50,036[0;39m [39mDEBUG[0;39m [[34mparallel-1[0;39m] [33mc.p.k.u.s.ClustersStatisticsScheduler[0;39m: Start getting metrics for kafkaCluster: local
kafka-ui-1  | [30m2026-05-04 16:07:50,045[0;39m [39mDEBUG[0;39m [[34mparallel-3[0;39m] [33mc.p.k.u.s.ClustersStatisticsScheduler[0;39m: Metrics updated for cluster: local
kafka-ui-1  | [30m2026-05-04 16:08:20,036[0;39m [39mDEBUG[0;39m [[34mparallel-7[0;39m] [33mc.p.k.u.s.ClustersStatisticsScheduler[0;39m: Start getting metrics for kafkaCluster: local
kafka-ui-1  | [30m2026-05-04 16:08:20,041[0;39m [39mDEBUG[0;39m [[34mparallel-4[0;39m] [33mc.p.k.u.s.ClustersStatisticsScheduler[0;39m: Metrics updated for cluster: local
kafka-ui-1  | [30m2026-05-04 16:08:50,036[0;39m [39mDEBUG[0;39m [[34mparallel-5[0;39m] [33mc.p.k.u.s.ClustersStatisticsScheduler[0;39m: Start getting metrics for kafkaCluster: local
kafka-ui-1  | [30m2026-05-04 16:08:50,046[0;39m [39mDEBUG[0;39m [[34mparallel-8[0;39m] [33mc.p.k.u.s.ClustersStatisticsScheduler[0;39m: Metrics updated for cluster: local
kafka-ui-1  | [30m2026-05-04 16:09:20,036[0;39m [39mDEBUG[0;39m [[34mparallel-3[0;39m] [33mc.p.k.u.s.ClustersStatisticsScheduler[0;39m: Start getting metrics for kafkaCluster: local
kafka-ui-1  | [30m2026-05-04 16:09:20,048[0;39m [39mDEBUG[0;39m [[34mparallel-8[0;39m] [33mc.p.k.u.s.ClustersStatisticsScheduler[0;39m: Metrics updated for cluster: local
kafka-ui-1  | [30m2026-05-04 16:09:50,036[0;39m [39mDEBUG[0;39m [[34mparallel-1[0;39m] [33mc.p.k.u.s.ClustersStatisticsScheduler[0;39m: Start getting metrics for kafkaCluster: local
kafka-ui-1  | [30m2026-05-04 16:09:50,049[0;39m [39mDEBUG[0;39m [[34mparallel-6[0;39m] [33mc.p.k.u.s.ClustersStatisticsScheduler[0;39m: Metrics updated for cluster: local
kafka-ui-1  | [30m2026-05-04 16:10:20,036[0;39m [39mDEBUG[0;39m [[34mparallel-7[0;39m] [33mc.p.k.u.s.ClustersStatisticsScheduler[0;39m: Start getting metrics for kafkaCluster: local
kafka-ui-1  | [30m2026-05-04 16:10:20,041[0;39m [39mDEBUG[0;39m [[34mparallel-3[0;39m] [33mc.p.k.u.s.ClustersStatisticsScheduler[0;39m: Metrics updated for cluster: local
kafka-ui-1  | [30m2026-05-04 16:10:50,036[0;39m [39mDEBUG[0;39m [[34mparallel-5[0;39m] [33mc.p.k.u.s.ClustersStatisticsScheduler[0;39m: Start getting metrics for kafkaCluster: local
kafka-ui-1  | [30m2026-05-04 16:10:50,047[0;39m [39mDEBUG[0;39m [[34mparallel-2[0;39m] [33mc.p.k.u.s.ClustersStatisticsScheduler[0;39m: Metrics updated for cluster: local
kafka-ui-1  | [30m2026-05-04 16:11:20,036[0;39m [39mDEBUG[0;39m [[34mparallel-3[0;39m] [33mc.p.k.u.s.ClustersStatisticsScheduler[0;39m: Start getting metrics for kafkaCluster: local
kafka-ui-1  | [30m2026-05-04 16:11:20,048[0;39m [39mDEBUG[0;39m [[34mparallel-7[0;39m] [33mc.p.k.u.s.ClustersStatisticsScheduler[0;39m: Metrics updated for cluster: local
kafka-ui-1  | [30m2026-05-04 16:11:50,036[0;39m [39mDEBUG[0;39m [[34mparallel-1[0;39m] [33mc.p.k.u.s.ClustersStatisticsScheduler[0;39m: Start getting metrics for kafkaCluster: local
kafka-ui-1  | [30m2026-05-04 16:11:50,046[0;39m [39mDEBUG[0;39m [[34mparallel-6[0;39m] [33mc.p.k.u.s.ClustersStatisticsScheduler[0;39m: Metrics updated for cluster: local
kafka-ui-1  | [30m2026-05-04 16:12:20,036[0;39m [39mDEBUG[0;39m [[34mparallel-7[0;39m] [33mc.p.k.u.s.ClustersStatisticsScheduler[0;39m: Start getting metrics for kafkaCluster: local
kafka-ui-1  | [30m2026-05-04 16:12:20,049[0;39m [39mDEBUG[0;39m [[34mparallel-3[0;39m] [33mc.p.k.u.s.ClustersStatisticsScheduler[0;39m: Metrics updated for cluster: local
kafka-ui-1  | [30m2026-05-04 16:12:50,036[0;39m [39mDEBUG[0;39m [[34mparallel-5[0;39m] [33mc.p.k.u.s.ClustersStatisticsScheduler[0;39m: Start getting metrics for kafkaCluster: local
kafka-ui-1  | [30m2026-05-04 16:12:50,040[0;39m [39mDEBUG[0;39m [[34mparallel-1[0;39m] [33mc.p.k.u.s.ClustersStatisticsScheduler[0;39m: Metrics updated for cluster: local
kafka-ui-1  | [30m2026-05-04 16:13:20,036[0;39m [39mDEBUG[0;39m [[34mparallel-3[0;39m] [33mc.p.k.u.s.ClustersStatisticsScheduler[0;39m: Start getting metrics for kafkaCluster: local
kafka-ui-1  | [30m2026-05-04 16:13:20,046[0;39m [39mDEBUG[0;39m [[34mparallel-7[0;39m] [33mc.p.k.u.s.ClustersStatisticsScheduler[0;39m: Metrics updated for cluster: local
kafka-ui-1  | [30m2026-05-04 16:13:50,036[0;39m [39mDEBUG[0;39m [[34mparallel-1[0;39m] [33mc.p.k.u.s.ClustersStatisticsScheduler[0;39m: Start getting metrics for kafkaCluster: local
kafka-ui-1  | [30m2026-05-04 16:13:50,049[0;39m [39mDEBUG[0;39m [[34mparallel-4[0;39m] [33mc.p.k.u.s.ClustersStatisticsScheduler[0;39m: Metrics updated for cluster: local
kafka-ui-1  | [30m2026-05-04 16:14:20,036[0;39m [39mDEBUG[0;39m [[34mparallel-7[0;39m] [33mc.p.k.u.s.ClustersStatisticsScheduler[0;39m: Start getting metrics for kafkaCluster: local
kafka-ui-1  | [30m2026-05-04 16:14:20,044[0;39m [39mDEBUG[0;39m [[34mparallel-4[0;39m] [33mc.p.k.u.s.ClustersStatisticsScheduler[0;39m: Metrics updated for cluster: local
kafka-ui-1  | [30m2026-05-04 16:14:50,036[0;39m [39mDEBUG[0;39m [[34mparallel-5[0;39m] [33mc.p.k.u.s.ClustersStatisticsScheduler[0;39m: Start getting metrics for kafkaCluster: local
kafka-ui-1  | [30m2026-05-04 16:14:50,041[0;39m [39mDEBUG[0;39m [[34mparallel-2[0;39m] [33mc.p.k.u.s.ClustersStatisticsScheduler[0;39m: Metrics updated for cluster: local
kafka-ui-1  | [30m2026-05-04 16:15:20,036[0;39m [39mDEBUG[0;39m [[34mparallel-3[0;39m] [33mc.p.k.u.s.ClustersStatisticsScheduler[0;39m: Start getting metrics for kafkaCluster: local
kafka-ui-1  | [30m2026-05-04 16:15:20,041[0;39m [39mDEBUG[0;39m [[34mparallel-7[0;39m] [33mc.p.k.u.s.ClustersStatisticsScheduler[0;39m: Metrics updated for cluster: local
kafka-ui-1  | [30m2026-05-04 16:15:50,036[0;39m [39mDEBUG[0;39m [[34mparallel-1[0;39m] [33mc.p.k.u.s.ClustersStatisticsScheduler[0;39m: Start getting metrics for kafkaCluster: local
kafka-ui-1  | [30m2026-05-04 16:15:50,046[0;39m [39mDEBUG[0;39m [[34mparallel-4[0;39m] [33mc.p.k.u.s.ClustersStatisticsScheduler[0;39m: Metrics updated for cluster: local
kafka-ui-1  | [30m2026-05-04 16:16:20,036[0;39m [39mDEBUG[0;39m [[34mparallel-7[0;39m] [33mc.p.k.u.s.ClustersStatisticsScheduler[0;39m: Start getting metrics for kafkaCluster: local
kafka-ui-1  | [30m2026-05-04 16:16:20,043[0;39m [39mDEBUG[0;39m [[34mparallel-4[0;39m] [33mc.p.k.u.s.ClustersStatisticsScheduler[0;39m: Metrics updated for cluster: local
kafka-ui-1  | [30m2026-05-04 16:16:50,036[0;39m [39mDEBUG[0;39m [[34mparallel-5[0;39m] [33mc.p.k.u.s.ClustersStatisticsScheduler[0;39m: Start getting metrics for kafkaCluster: local
kafka-ui-1  | [30m2026-05-04 16:16:50,046[0;39m [39mDEBUG[0;39m [[34mparallel-2[0;39m] [33mc.p.k.u.s.ClustersStatisticsScheduler[0;39m: Metrics updated for cluster: local
kafka-ui-1  | [30m2026-05-04 16:17:20,036[0;39m [39mDEBUG[0;39m [[34mparallel-3[0;39m] [33mc.p.k.u.s.ClustersStatisticsScheduler[0;39m: Start getting metrics for kafkaCluster: local
kafka-ui-1  | [30m2026-05-04 16:17:20,042[0;39m [39mDEBUG[0;39m [[34mparallel-8[0;39m] [33mc.p.k.u.s.ClustersStatisticsScheduler[0;39m: Metrics updated for cluster: local
kafka-ui-1  | [30m2026-05-04 16:17:50,036[0;39m [39mDEBUG[0;39m [[34mparallel-1[0;39m] [33mc.p.k.u.s.ClustersStatisticsScheduler[0;39m: Start getting metrics for kafkaCluster: local
kafka-ui-1  | [30m2026-05-04 16:17:50,050[0;39m [39mDEBUG[0;39m [[34mparallel-5[0;39m] [33mc.p.k.u.s.ClustersStatisticsScheduler[0;39m: Metrics updated for cluster: local
kafka-ui-1  | [30m2026-05-04 16:18:20,036[0;39m [39mDEBUG[0;39m [[34mparallel-7[0;39m] [33mc.p.k.u.s.ClustersStatisticsScheduler[0;39m: Start getting metrics for kafkaCluster: local
kafka-ui-1  | [30m2026-05-04 16:18:20,040[0;39m [39mDEBUG[0;39m [[34mparallel-4[0;39m] [33mc.p.k.u.s.ClustersStatisticsScheduler[0;39m: Metrics updated for cluster: local
kafka-ui-1  | [30m2026-05-04 16:18:50,036[0;39m [39mDEBUG[0;39m [[34mparallel-5[0;39m] [33mc.p.k.u.s.ClustersStatisticsScheduler[0;39m: Start getting metrics for kafkaCluster: local
kafka-ui-1  | [30m2026-05-04 16:18:50,041[0;39m [39mDEBUG[0;39m [[34mparallel-8[0;39m] [33mc.p.k.u.s.ClustersStatisticsScheduler[0;39m: Metrics updated for cluster: local
kafka-ui-1  | [30m2026-05-04 16:19:20,036[0;39m [39mDEBUG[0;39m [[34mparallel-3[0;39m] [33mc.p.k.u.s.ClustersStatisticsScheduler[0;39m: Start getting metrics for kafkaCluster: local
kafka-ui-1  | [30m2026-05-04 16:19:20,043[0;39m [39mDEBUG[0;39m [[34mparallel-6[0;39m] [33mc.p.k.u.s.ClustersStatisticsScheduler[0;39m: Metrics updated for cluster: local
kafka-ui-1  | [30m2026-05-04 16:19:50,036[0;39m [39mDEBUG[0;39m [[34mparallel-1[0;39m] [33mc.p.k.u.s.ClustersStatisticsScheduler[0;39m: Start getting metrics for kafkaCluster: local
kafka-ui-1  | [30m2026-05-04 16:19:50,042[0;39m [39mDEBUG[0;39m [[34mparallel-6[0;39m] [33mc.p.k.u.s.ClustersStatisticsScheduler[0;39m: Metrics updated for cluster: local
kafka-ui-1  | [30m2026-05-04 16:20:20,036[0;39m [39mDEBUG[0;39m [[34mparallel-7[0;39m] [33mc.p.k.u.s.ClustersStatisticsScheduler[0;39m: Start getting metrics for kafkaCluster: local
kafka-ui-1  | [30m2026-05-04 16:20:20,040[0;39m [39mDEBUG[0;39m [[34mparallel-3[0;39m] [33mc.p.k.u.s.ClustersStatisticsScheduler[0;39m: Metrics updated for cluster: local
kafka-ui-1  | [30m2026-05-04 16:20:50,036[0;39m [39mDEBUG[0;39m [[34mparallel-5[0;39m] [33mc.p.k.u.s.ClustersStatisticsScheduler[0;39m: Start getting metrics for kafkaCluster: local
kafka-ui-1  | [30m2026-05-04 16:20:50,041[0;39m [39mDEBUG[0;39m [[34mparallel-2[0;39m] [33mc.p.k.u.s.ClustersStatisticsScheduler[0;39m: Metrics updated for cluster: local
kafka-ui-1  | [30m2026-05-04 16:21:20,036[0;39m [39mDEBUG[0;39m [[34mparallel-3[0;39m] [33mc.p.k.u.s.ClustersStatisticsScheduler[0;39m: Start getting metrics for kafkaCluster: local
kafka-ui-1  | [30m2026-05-04 16:21:20,047[0;39m [39mDEBUG[0;39m [[34mparallel-7[0;39m] [33mc.p.k.u.s.ClustersStatisticsScheduler[0;39m: Metrics updated for cluster: local
kafka-ui-1  | [30m2026-05-04 16:21:50,036[0;39m [39mDEBUG[0;39m [[34mparallel-1[0;39m] [33mc.p.k.u.s.ClustersStatisticsScheduler[0;39m: Start getting metrics for kafkaCluster: local
kafka-ui-1  | [30m2026-05-04 16:21:50,041[0;39m [39mDEBUG[0;39m [[34mparallel-2[0;39m] [33mc.p.k.u.s.ClustersStatisticsScheduler[0;39m: Metrics updated for cluster: local
-------- mongodb ----------
mongodb-1  | {"t":{"$date":"2026-05-04T15:59:42.022-05:00"},"s":"I",  "c":"NETWORK",  "id":22943,   "ctx":"listener","msg":"Connection accepted","attr":{"remote":"172.23.0.8:33256","uuid":"096a8310-d085-45ea-a9f9-4f43d63d0753","connectionId":20,"connectionCount":3}}
mongodb-1  | {"t":{"$date":"2026-05-04T15:59:42.022-05:00"},"s":"I",  "c":"NETWORK",  "id":22943,   "ctx":"listener","msg":"Connection accepted","attr":{"remote":"172.23.0.8:33262","uuid":"091d70fe-3161-478a-a8f4-4a13fbbe51a1","connectionId":21,"connectionCount":4}}
mongodb-1  | {"t":{"$date":"2026-05-04T15:59:42.022-05:00"},"s":"I",  "c":"NETWORK",  "id":51800,   "ctx":"conn20","msg":"client metadata","attr":{"remote":"172.23.0.8:33256","client":"conn20","negotiatedCompressors":[],"doc":{"driver":{"name":"mongo-java-driver|sync|mongo-kafka|sink","version":"4.7.2|1.10.1"},"os":{"type":"Linux","name":"Linux","architecture":"amd64","version":"6.17.0-23-generic"},"platform":"Java/Azul Systems, Inc./11.0.18+10-LTS"}}}
mongodb-1  | {"t":{"$date":"2026-05-04T15:59:42.022-05:00"},"s":"I",  "c":"NETWORK",  "id":51800,   "ctx":"conn21","msg":"client metadata","attr":{"remote":"172.23.0.8:33262","client":"conn21","negotiatedCompressors":[],"doc":{"driver":{"name":"mongo-java-driver|sync|mongo-kafka|sink","version":"4.7.2|1.10.1"},"os":{"type":"Linux","name":"Linux","architecture":"amd64","version":"6.17.0-23-generic"},"platform":"Java/Azul Systems, Inc./11.0.18+10-LTS"}}}
mongodb-1  | {"t":{"$date":"2026-05-04T16:00:12.920-05:00"},"s":"I",  "c":"WTCHKPT",  "id":22430,   "ctx":"Checkpointer","msg":"WiredTiger message","attr":{"message":{"ts_sec":1777928412,"ts_usec":919984,"thread":"1:0x7343f26b7640","session_name":"WT_SESSION.checkpoint","category":"WT_VERB_CHECKPOINT_PROGRESS","category_id":6,"verbose_level":"DEBUG","verbose_level_id":1,"msg":"saving checkpoint snapshot min: 146, snapshot max: 146 snapshot count: 0, oldest timestamp: (0, 0) , meta checkpoint timestamp: (0, 0) base write gen: 478"}}}
mongodb-1  | {"t":{"$date":"2026-05-04T16:00:31.595-05:00"},"s":"I",  "c":"NETWORK",  "id":22943,   "ctx":"listener","msg":"Connection accepted","attr":{"remote":"127.0.0.1:35778","uuid":"f25b7672-0fe9-4ff3-be23-3235143b2aab","connectionId":22,"connectionCount":5}}
mongodb-1  | {"t":{"$date":"2026-05-04T16:00:31.597-05:00"},"s":"I",  "c":"NETWORK",  "id":51800,   "ctx":"conn22","msg":"client metadata","attr":{"remote":"127.0.0.1:35778","client":"conn22","negotiatedCompressors":[],"doc":{"application":{"name":"mongosh 2.5.10"},"driver":{"name":"nodejs|mongosh","version":"6.19.0|2.5.10"},"platform":"Node.js v20.19.6, LE","os":{"name":"linux","architecture":"x64","version":"3.10.0-327.22.2.el7.x86_64","type":"Linux"},"env":{"container":{"runtime":"docker"}}}}}
mongodb-1  | {"t":{"$date":"2026-05-04T16:00:31.601-05:00"},"s":"I",  "c":"NETWORK",  "id":22943,   "ctx":"listener","msg":"Connection accepted","attr":{"remote":"127.0.0.1:35786","uuid":"bafecc7f-71dc-49f7-9655-f036b6040127","connectionId":23,"connectionCount":6}}
mongodb-1  | {"t":{"$date":"2026-05-04T16:00:31.602-05:00"},"s":"I",  "c":"NETWORK",  "id":51800,   "ctx":"conn23","msg":"client metadata","attr":{"remote":"127.0.0.1:35786","client":"conn23","negotiatedCompressors":[],"doc":{"application":{"name":"mongosh 2.5.10"},"driver":{"name":"nodejs|mongosh","version":"6.19.0|2.5.10"},"platform":"Node.js v20.19.6, LE","os":{"name":"linux","architecture":"x64","version":"3.10.0-327.22.2.el7.x86_64","type":"Linux"},"env":{"container":{"runtime":"docker"}}}}}
mongodb-1  | {"t":{"$date":"2026-05-04T16:00:31.607-05:00"},"s":"I",  "c":"ACCESS",   "id":20250,   "ctx":"conn23","msg":"Authentication succeeded","attr":{"mechanism":"SCRAM-SHA-256","speculative":true,"principalName":"root","authenticationDatabase":"admin","remote":"127.0.0.1:35786","extraInfo":{}}}
mongodb-1  | {"t":{"$date":"2026-05-04T16:00:31.642-05:00"},"s":"I",  "c":"NETWORK",  "id":22943,   "ctx":"listener","msg":"Connection accepted","attr":{"remote":"127.0.0.1:35792","uuid":"d13a3f97-764b-4e51-96d2-bc2980fb7cd3","connectionId":24,"connectionCount":7}}
mongodb-1  | {"t":{"$date":"2026-05-04T16:00:31.642-05:00"},"s":"I",  "c":"NETWORK",  "id":22943,   "ctx":"listener","msg":"Connection accepted","attr":{"remote":"127.0.0.1:35804","uuid":"23651059-c93b-4667-8fae-55f78bb4e984","connectionId":25,"connectionCount":8}}
mongodb-1  | {"t":{"$date":"2026-05-04T16:00:31.646-05:00"},"s":"I",  "c":"NETWORK",  "id":51800,   "ctx":"conn24","msg":"client metadata","attr":{"remote":"127.0.0.1:35792","client":"conn24","negotiatedCompressors":[],"doc":{"application":{"name":"mongosh 2.5.10"},"driver":{"name":"nodejs|mongosh","version":"6.19.0|2.5.10"},"platform":"Node.js v20.19.6, LE","os":{"name":"linux","architecture":"x64","version":"3.10.0-327.22.2.el7.x86_64","type":"Linux"},"env":{"container":{"runtime":"docker"}}}}}
mongodb-1  | {"t":{"$date":"2026-05-04T16:00:31.646-05:00"},"s":"I",  "c":"NETWORK",  "id":51800,   "ctx":"conn25","msg":"client metadata","attr":{"remote":"127.0.0.1:35804","client":"conn25","negotiatedCompressors":[],"doc":{"application":{"name":"mongosh 2.5.10"},"driver":{"name":"nodejs|mongosh","version":"6.19.0|2.5.10"},"platform":"Node.js v20.19.6, LE","os":{"name":"linux","architecture":"x64","version":"3.10.0-327.22.2.el7.x86_64","type":"Linux"},"env":{"container":{"runtime":"docker"}}}}}
mongodb-1  | {"t":{"$date":"2026-05-04T16:00:31.648-05:00"},"s":"I",  "c":"ACCESS",   "id":20250,   "ctx":"conn24","msg":"Authentication succeeded","attr":{"mechanism":"SCRAM-SHA-256","speculative":true,"principalName":"root","authenticationDatabase":"admin","remote":"127.0.0.1:35792","extraInfo":{}}}
mongodb-1  | {"t":{"$date":"2026-05-04T16:00:31.649-05:00"},"s":"I",  "c":"ACCESS",   "id":20250,   "ctx":"conn25","msg":"Authentication succeeded","attr":{"mechanism":"SCRAM-SHA-256","speculative":true,"principalName":"root","authenticationDatabase":"admin","remote":"127.0.0.1:35804","extraInfo":{}}}
mongodb-1  | {"t":{"$date":"2026-05-04T16:00:31.661-05:00"},"s":"I",  "c":"NETWORK",  "id":22944,   "ctx":"conn24","msg":"Connection ended","attr":{"remote":"127.0.0.1:35792","uuid":"d13a3f97-764b-4e51-96d2-bc2980fb7cd3","connectionId":24,"connectionCount":5}}
mongodb-1  | {"t":{"$date":"2026-05-04T16:00:31.661-05:00"},"s":"I",  "c":"NETWORK",  "id":22944,   "ctx":"conn25","msg":"Connection ended","attr":{"remote":"127.0.0.1:35804","uuid":"23651059-c93b-4667-8fae-55f78bb4e984","connectionId":25,"connectionCount":6}}
mongodb-1  | {"t":{"$date":"2026-05-04T16:00:31.661-05:00"},"s":"I",  "c":"NETWORK",  "id":22944,   "ctx":"conn23","msg":"Connection ended","attr":{"remote":"127.0.0.1:35786","uuid":"bafecc7f-71dc-49f7-9655-f036b6040127","connectionId":23,"connectionCount":7}}
mongodb-1  | {"t":{"$date":"2026-05-04T16:00:31.661-05:00"},"s":"I",  "c":"NETWORK",  "id":22944,   "ctx":"conn22","msg":"Connection ended","attr":{"remote":"127.0.0.1:35778","uuid":"f25b7672-0fe9-4ff3-be23-3235143b2aab","connectionId":22,"connectionCount":4}}
mongodb-1  | {"t":{"$date":"2026-05-04T16:01:12.930-05:00"},"s":"I",  "c":"WTCHKPT",  "id":22430,   "ctx":"Checkpointer","msg":"WiredTiger message","attr":{"message":{"ts_sec":1777928472,"ts_usec":930503,"thread":"1:0x7343f26b7640","session_name":"WT_SESSION.checkpoint","category":"WT_VERB_CHECKPOINT_PROGRESS","category_id":6,"verbose_level":"DEBUG","verbose_level_id":1,"msg":"saving checkpoint snapshot min: 148, snapshot max: 148 snapshot count: 0, oldest timestamp: (0, 0) , meta checkpoint timestamp: (0, 0) base write gen: 478"}}}
mongodb-1  | {"t":{"$date":"2026-05-04T16:01:16.556-05:00"},"s":"I",  "c":"NETWORK",  "id":22943,   "ctx":"listener","msg":"Connection accepted","attr":{"remote":"172.23.0.5:37460","uuid":"2eba647c-d09c-456a-b2dc-c51dec8d989c","connectionId":26,"connectionCount":5}}
mongodb-1  | {"t":{"$date":"2026-05-04T16:01:16.556-05:00"},"s":"I",  "c":"NETWORK",  "id":51800,   "ctx":"conn26","msg":"client metadata","attr":{"remote":"172.23.0.5:37460","client":"conn26","negotiatedCompressors":[],"doc":{"application":{"name":"Metabase v0.60.3.6"},"driver":{"name":"mongo-java-driver|sync","version":"5.6.1"},"os":{"type":"Linux","name":"Linux","architecture":"amd64","version":"6.17.0-23-generic"},"platform":"Java/Eclipse Adoptium/21.0.10+7-LTS","env":{"container":{"runtime":"docker"}}}}}
mongodb-1  | {"t":{"$date":"2026-05-04T16:01:16.559-05:00"},"s":"I",  "c":"NETWORK",  "id":22943,   "ctx":"listener","msg":"Connection accepted","attr":{"remote":"172.23.0.5:37472","uuid":"74943305-ae3d-4673-869a-3b9ecf9185c3","connectionId":27,"connectionCount":6}}
mongodb-1  | {"t":{"$date":"2026-05-04T16:01:16.560-05:00"},"s":"I",  "c":"NETWORK",  "id":22943,   "ctx":"listener","msg":"Connection accepted","attr":{"remote":"172.23.0.5:37480","uuid":"5c0273e5-8fca-4913-b42e-5b8295e7d33e","connectionId":28,"connectionCount":7}}
mongodb-1  | {"t":{"$date":"2026-05-04T16:01:16.560-05:00"},"s":"I",  "c":"NETWORK",  "id":51800,   "ctx":"conn27","msg":"client metadata","attr":{"remote":"172.23.0.5:37472","client":"conn27","negotiatedCompressors":[],"doc":{"application":{"name":"Metabase v0.60.3.6"},"driver":{"name":"mongo-java-driver|sync","version":"5.6.1"},"os":{"type":"Linux","name":"Linux","architecture":"amd64","version":"6.17.0-23-generic"},"platform":"Java/Eclipse Adoptium/21.0.10+7-LTS","env":{"container":{"runtime":"docker"}}}}}
mongodb-1  | {"t":{"$date":"2026-05-04T16:01:16.561-05:00"},"s":"I",  "c":"NETWORK",  "id":51800,   "ctx":"conn28","msg":"client metadata","attr":{"remote":"172.23.0.5:37480","client":"conn28","negotiatedCompressors":[],"doc":{"application":{"name":"Metabase v0.60.3.6"},"driver":{"name":"mongo-java-driver|sync","version":"5.6.1"},"os":{"type":"Linux","name":"Linux","architecture":"amd64","version":"6.17.0-23-generic"},"platform":"Java/Eclipse Adoptium/21.0.10+7-LTS","env":{"container":{"runtime":"docker"}}}}}
mongodb-1  | {"t":{"$date":"2026-05-04T16:01:16.587-05:00"},"s":"I",  "c":"ACCESS",   "id":20250,   "ctx":"conn28","msg":"Authentication succeeded","attr":{"mechanism":"SCRAM-SHA-256","speculative":true,"principalName":"root","authenticationDatabase":"admin","remote":"172.23.0.5:37480","extraInfo":{}}}
mongodb-1  | {"t":{"$date":"2026-05-04T16:01:16.611-05:00"},"s":"I",  "c":"NETWORK",  "id":22944,   "ctx":"conn28","msg":"Connection ended","attr":{"remote":"172.23.0.5:37480","uuid":"5c0273e5-8fca-4913-b42e-5b8295e7d33e","connectionId":28,"connectionCount":6}}
mongodb-1  | {"t":{"$date":"2026-05-04T16:01:16.611-05:00"},"s":"I",  "c":"-",        "id":20883,   "ctx":"conn26","msg":"Interrupted operation as its client disconnected","attr":{"opId":54991}}
mongodb-1  | {"t":{"$date":"2026-05-04T16:01:16.611-05:00"},"s":"I",  "c":"NETWORK",  "id":22944,   "ctx":"conn27","msg":"Connection ended","attr":{"remote":"172.23.0.5:37472","uuid":"74943305-ae3d-4673-869a-3b9ecf9185c3","connectionId":27,"connectionCount":5}}
mongodb-1  | {"t":{"$date":"2026-05-04T16:01:16.612-05:00"},"s":"I",  "c":"NETWORK",  "id":22944,   "ctx":"conn26","msg":"Connection ended","attr":{"remote":"172.23.0.5:37460","uuid":"2eba647c-d09c-456a-b2dc-c51dec8d989c","connectionId":26,"connectionCount":4}}
mongodb-1  | {"t":{"$date":"2026-05-04T16:02:12.942-05:00"},"s":"I",  "c":"WTCHKPT",  "id":22430,   "ctx":"Checkpointer","msg":"WiredTiger message","attr":{"message":{"ts_sec":1777928532,"ts_usec":942587,"thread":"1:0x7343f26b7640","session_name":"WT_SESSION.checkpoint","category":"WT_VERB_CHECKPOINT_PROGRESS","category_id":6,"verbose_level":"DEBUG","verbose_level_id":1,"msg":"saving checkpoint snapshot min: 150, snapshot max: 150 snapshot count: 0, oldest timestamp: (0, 0) , meta checkpoint timestamp: (0, 0) base write gen: 478"}}}
mongodb-1  | {"t":{"$date":"2026-05-04T16:03:12.950-05:00"},"s":"I",  "c":"WTCHKPT",  "id":22430,   "ctx":"Checkpointer","msg":"WiredTiger message","attr":{"message":{"ts_sec":1777928592,"ts_usec":950543,"thread":"1:0x7343f26b7640","session_name":"WT_SESSION.checkpoint","category":"WT_VERB_CHECKPOINT_PROGRESS","category_id":6,"verbose_level":"DEBUG","verbose_level_id":1,"msg":"saving checkpoint snapshot min: 153, snapshot max: 153 snapshot count: 0, oldest timestamp: (0, 0) , meta checkpoint timestamp: (0, 0) base write gen: 478"}}}
mongodb-1  | {"t":{"$date":"2026-05-04T16:04:12.964-05:00"},"s":"I",  "c":"WTCHKPT",  "id":22430,   "ctx":"Checkpointer","msg":"WiredTiger message","attr":{"message":{"ts_sec":1777928652,"ts_usec":964931,"thread":"1:0x7343f26b7640","session_name":"WT_SESSION.checkpoint","category":"WT_VERB_CHECKPOINT_PROGRESS","category_id":6,"verbose_level":"DEBUG","verbose_level_id":1,"msg":"saving checkpoint snapshot min: 156, snapshot max: 156 snapshot count: 0, oldest timestamp: (0, 0) , meta checkpoint timestamp: (0, 0) base write gen: 478"}}}
mongodb-1  | {"t":{"$date":"2026-05-04T16:05:12.976-05:00"},"s":"I",  "c":"WTCHKPT",  "id":22430,   "ctx":"Checkpointer","msg":"WiredTiger message","attr":{"message":{"ts_sec":1777928712,"ts_usec":976666,"thread":"1:0x7343f26b7640","session_name":"WT_SESSION.checkpoint","category":"WT_VERB_CHECKPOINT_PROGRESS","category_id":6,"verbose_level":"DEBUG","verbose_level_id":1,"msg":"saving checkpoint snapshot min: 158, snapshot max: 158 snapshot count: 0, oldest timestamp: (0, 0) , meta checkpoint timestamp: (0, 0) base write gen: 478"}}}
mongodb-1  | {"t":{"$date":"2026-05-04T16:06:12.995-05:00"},"s":"I",  "c":"WTCHKPT",  "id":22430,   "ctx":"Checkpointer","msg":"WiredTiger message","attr":{"message":{"ts_sec":1777928772,"ts_usec":995518,"thread":"1:0x7343f26b7640","session_name":"WT_SESSION.checkpoint","category":"WT_VERB_CHECKPOINT_PROGRESS","category_id":6,"verbose_level":"DEBUG","verbose_level_id":1,"msg":"saving checkpoint snapshot min: 160, snapshot max: 160 snapshot count: 0, oldest timestamp: (0, 0) , meta checkpoint timestamp: (0, 0) base write gen: 478"}}}
mongodb-1  | {"t":{"$date":"2026-05-04T16:07:13.005-05:00"},"s":"I",  "c":"WTCHKPT",  "id":22430,   "ctx":"Checkpointer","msg":"WiredTiger message","attr":{"message":{"ts_sec":1777928833,"ts_usec":5223,"thread":"1:0x7343f26b7640","session_name":"WT_SESSION.checkpoint","category":"WT_VERB_CHECKPOINT_PROGRESS","category_id":6,"verbose_level":"DEBUG","verbose_level_id":1,"msg":"saving checkpoint snapshot min: 162, snapshot max: 162 snapshot count: 0, oldest timestamp: (0, 0) , meta checkpoint timestamp: (0, 0) base write gen: 478"}}}
mongodb-1  | {"t":{"$date":"2026-05-04T16:07:42.245-05:00"},"s":"I",  "c":"NETWORK",  "id":22943,   "ctx":"listener","msg":"Connection accepted","attr":{"remote":"172.23.0.5:46708","uuid":"4682fe71-08e2-44ae-bfbc-880b3983fd7f","connectionId":29,"connectionCount":5}}
mongodb-1  | {"t":{"$date":"2026-05-04T16:07:42.245-05:00"},"s":"I",  "c":"NETWORK",  "id":51800,   "ctx":"conn29","msg":"client metadata","attr":{"remote":"172.23.0.5:46708","client":"conn29","negotiatedCompressors":[],"doc":{"application":{"name":"Metabase v0.60.3.6"},"driver":{"name":"mongo-java-driver|sync","version":"5.6.1"},"os":{"type":"Linux","name":"Linux","architecture":"amd64","version":"6.17.0-23-generic"},"platform":"Java/Eclipse Adoptium/21.0.10+7-LTS","env":{"container":{"runtime":"docker"}}}}}
mongodb-1  | {"t":{"$date":"2026-05-04T16:07:42.246-05:00"},"s":"I",  "c":"NETWORK",  "id":22943,   "ctx":"listener","msg":"Connection accepted","attr":{"remote":"172.23.0.5:46714","uuid":"50a895d3-bab8-4000-810a-f8280e14f131","connectionId":30,"connectionCount":6}}
mongodb-1  | {"t":{"$date":"2026-05-04T16:07:42.247-05:00"},"s":"I",  "c":"NETWORK",  "id":22943,   "ctx":"listener","msg":"Connection accepted","attr":{"remote":"172.23.0.5:46728","uuid":"5ec9eac2-816b-4daa-bb51-7c124addc2e7","connectionId":31,"connectionCount":7}}
mongodb-1  | {"t":{"$date":"2026-05-04T16:07:42.247-05:00"},"s":"I",  "c":"NETWORK",  "id":51800,   "ctx":"conn30","msg":"client metadata","attr":{"remote":"172.23.0.5:46714","client":"conn30","negotiatedCompressors":[],"doc":{"application":{"name":"Metabase v0.60.3.6"},"driver":{"name":"mongo-java-driver|sync","version":"5.6.1"},"os":{"type":"Linux","name":"Linux","architecture":"amd64","version":"6.17.0-23-generic"},"platform":"Java/Eclipse Adoptium/21.0.10+7-LTS","env":{"container":{"runtime":"docker"}}}}}
mongodb-1  | {"t":{"$date":"2026-05-04T16:07:42.247-05:00"},"s":"I",  "c":"NETWORK",  "id":51800,   "ctx":"conn31","msg":"client metadata","attr":{"remote":"172.23.0.5:46728","client":"conn31","negotiatedCompressors":[],"doc":{"application":{"name":"Metabase v0.60.3.6"},"driver":{"name":"mongo-java-driver|sync","version":"5.6.1"},"os":{"type":"Linux","name":"Linux","architecture":"amd64","version":"6.17.0-23-generic"},"platform":"Java/Eclipse Adoptium/21.0.10+7-LTS","env":{"container":{"runtime":"docker"}}}}}
mongodb-1  | {"t":{"$date":"2026-05-04T16:07:42.253-05:00"},"s":"I",  "c":"ACCESS",   "id":20250,   "ctx":"conn31","msg":"Authentication succeeded","attr":{"mechanism":"SCRAM-SHA-256","speculative":true,"principalName":"root","authenticationDatabase":"admin","remote":"172.23.0.5:46728","extraInfo":{}}}
mongodb-1  | {"t":{"$date":"2026-05-04T16:07:42.260-05:00"},"s":"I",  "c":"NETWORK",  "id":22944,   "ctx":"conn31","msg":"Connection ended","attr":{"remote":"172.23.0.5:46728","uuid":"5ec9eac2-816b-4daa-bb51-7c124addc2e7","connectionId":31,"connectionCount":6}}
mongodb-1  | {"t":{"$date":"2026-05-04T16:07:42.261-05:00"},"s":"I",  "c":"-",        "id":20883,   "ctx":"conn29","msg":"Interrupted operation as its client disconnected","attr":{"opId":59906}}
mongodb-1  | {"t":{"$date":"2026-05-04T16:07:42.261-05:00"},"s":"I",  "c":"NETWORK",  "id":22944,   "ctx":"conn30","msg":"Connection ended","attr":{"remote":"172.23.0.5:46714","uuid":"50a895d3-bab8-4000-810a-f8280e14f131","connectionId":30,"connectionCount":5}}
mongodb-1  | {"t":{"$date":"2026-05-04T16:07:42.261-05:00"},"s":"I",  "c":"NETWORK",  "id":22944,   "ctx":"conn29","msg":"Connection ended","attr":{"remote":"172.23.0.5:46708","uuid":"4682fe71-08e2-44ae-bfbc-880b3983fd7f","connectionId":29,"connectionCount":4}}
mongodb-1  | {"t":{"$date":"2026-05-04T16:07:46.754-05:00"},"s":"I",  "c":"NETWORK",  "id":22943,   "ctx":"listener","msg":"Connection accepted","attr":{"remote":"172.23.0.5:46736","uuid":"c225c4c8-993b-40d3-a576-6c734efd8799","connectionId":32,"connectionCount":5}}
mongodb-1  | {"t":{"$date":"2026-05-04T16:07:46.754-05:00"},"s":"I",  "c":"NETWORK",  "id":51800,   "ctx":"conn32","msg":"client metadata","attr":{"remote":"172.23.0.5:46736","client":"conn32","negotiatedCompressors":[],"doc":{"application":{"name":"Metabase v0.60.3.6"},"driver":{"name":"mongo-java-driver|sync","version":"5.6.1"},"os":{"type":"Linux","name":"Linux","architecture":"amd64","version":"6.17.0-23-generic"},"platform":"Java/Eclipse Adoptium/21.0.10+7-LTS","env":{"container":{"runtime":"docker"}}}}}
mongodb-1  | {"t":{"$date":"2026-05-04T16:07:46.755-05:00"},"s":"I",  "c":"NETWORK",  "id":22943,   "ctx":"listener","msg":"Connection accepted","attr":{"remote":"172.23.0.5:46750","uuid":"c860637f-325f-447d-8cfd-2f29cb380eb5","connectionId":33,"connectionCount":6}}
mongodb-1  | {"t":{"$date":"2026-05-04T16:07:46.755-05:00"},"s":"I",  "c":"NETWORK",  "id":51800,   "ctx":"conn33","msg":"client metadata","attr":{"remote":"172.23.0.5:46750","client":"conn33","negotiatedCompressors":[],"doc":{"application":{"name":"Metabase v0.60.3.6"},"driver":{"name":"mongo-java-driver|sync","version":"5.6.1"},"os":{"type":"Linux","name":"Linux","architecture":"amd64","version":"6.17.0-23-generic"},"platform":"Java/Eclipse Adoptium/21.0.10+7-LTS","env":{"container":{"runtime":"docker"}}}}}
mongodb-1  | {"t":{"$date":"2026-05-04T16:07:46.755-05:00"},"s":"I",  "c":"NETWORK",  "id":22943,   "ctx":"listener","msg":"Connection accepted","attr":{"remote":"172.23.0.5:46752","uuid":"888c9d06-a6e4-4eb3-bc80-c405d8013254","connectionId":34,"connectionCount":7}}
mongodb-1  | {"t":{"$date":"2026-05-04T16:07:46.756-05:00"},"s":"I",  "c":"NETWORK",  "id":51800,   "ctx":"conn34","msg":"client metadata","attr":{"remote":"172.23.0.5:46752","client":"conn34","negotiatedCompressors":[],"doc":{"application":{"name":"Metabase v0.60.3.6"},"driver":{"name":"mongo-java-driver|sync","version":"5.6.1"},"os":{"type":"Linux","name":"Linux","architecture":"amd64","version":"6.17.0-23-generic"},"platform":"Java/Eclipse Adoptium/21.0.10+7-LTS","env":{"container":{"runtime":"docker"}}}}}
mongodb-1  | {"t":{"$date":"2026-05-04T16:07:46.762-05:00"},"s":"I",  "c":"ACCESS",   "id":20250,   "ctx":"conn34","msg":"Authentication succeeded","attr":{"mechanism":"SCRAM-SHA-256","speculative":true,"principalName":"root","authenticationDatabase":"admin","remote":"172.23.0.5:46752","extraInfo":{}}}
mongodb-1  | {"t":{"$date":"2026-05-04T16:07:46.767-05:00"},"s":"I",  "c":"NETWORK",  "id":22944,   "ctx":"conn34","msg":"Connection ended","attr":{"remote":"172.23.0.5:46752","uuid":"888c9d06-a6e4-4eb3-bc80-c405d8013254","connectionId":34,"connectionCount":6}}
mongodb-1  | {"t":{"$date":"2026-05-04T16:07:46.767-05:00"},"s":"I",  "c":"NETWORK",  "id":22944,   "ctx":"conn33","msg":"Connection ended","attr":{"remote":"172.23.0.5:46750","uuid":"c860637f-325f-447d-8cfd-2f29cb380eb5","connectionId":33,"connectionCount":5}}
mongodb-1  | {"t":{"$date":"2026-05-04T16:07:46.767-05:00"},"s":"I",  "c":"-",        "id":20883,   "ctx":"conn32","msg":"Interrupted operation as its client disconnected","attr":{"opId":59969}}
mongodb-1  | {"t":{"$date":"2026-05-04T16:07:46.767-05:00"},"s":"I",  "c":"NETWORK",  "id":22944,   "ctx":"conn32","msg":"Connection ended","attr":{"remote":"172.23.0.5:46736","uuid":"c225c4c8-993b-40d3-a576-6c734efd8799","connectionId":32,"connectionCount":4}}
mongodb-1  | {"t":{"$date":"2026-05-04T16:08:13.014-05:00"},"s":"I",  "c":"WTCHKPT",  "id":22430,   "ctx":"Checkpointer","msg":"WiredTiger message","attr":{"message":{"ts_sec":1777928893,"ts_usec":14321,"thread":"1:0x7343f26b7640","session_name":"WT_SESSION.checkpoint","category":"WT_VERB_CHECKPOINT_PROGRESS","category_id":6,"verbose_level":"DEBUG","verbose_level_id":1,"msg":"saving checkpoint snapshot min: 164, snapshot max: 164 snapshot count: 0, oldest timestamp: (0, 0) , meta checkpoint timestamp: (0, 0) base write gen: 478"}}}
mongodb-1  | {"t":{"$date":"2026-05-04T16:08:16.195-05:00"},"s":"I",  "c":"NETWORK",  "id":22943,   "ctx":"listener","msg":"Connection accepted","attr":{"remote":"172.23.0.5:42066","uuid":"33960a77-3067-4a8a-95f4-90e05baf1dcf","connectionId":35,"connectionCount":5}}
mongodb-1  | {"t":{"$date":"2026-05-04T16:08:16.195-05:00"},"s":"I",  "c":"NETWORK",  "id":51800,   "ctx":"conn35","msg":"client metadata","attr":{"remote":"172.23.0.5:42066","client":"conn35","negotiatedCompressors":[],"doc":{"application":{"name":"Metabase v0.60.3.6"},"driver":{"name":"mongo-java-driver|sync","version":"5.6.1"},"os":{"type":"Linux","name":"Linux","architecture":"amd64","version":"6.17.0-23-generic"},"platform":"Java/Eclipse Adoptium/21.0.10+7-LTS","env":{"container":{"runtime":"docker"}}}}}
mongodb-1  | {"t":{"$date":"2026-05-04T16:08:16.196-05:00"},"s":"I",  "c":"NETWORK",  "id":22943,   "ctx":"listener","msg":"Connection accepted","attr":{"remote":"172.23.0.5:42082","uuid":"5a406321-9a4c-47ac-9b08-5e2d0d2a263d","connectionId":36,"connectionCount":6}}
mongodb-1  | {"t":{"$date":"2026-05-04T16:08:16.197-05:00"},"s":"I",  "c":"NETWORK",  "id":51800,   "ctx":"conn36","msg":"client metadata","attr":{"remote":"172.23.0.5:42082","client":"conn36","negotiatedCompressors":[],"doc":{"application":{"name":"Metabase v0.60.3.6"},"driver":{"name":"mongo-java-driver|sync","version":"5.6.1"},"os":{"type":"Linux","name":"Linux","architecture":"amd64","version":"6.17.0-23-generic"},"platform":"Java/Eclipse Adoptium/21.0.10+7-LTS","env":{"container":{"runtime":"docker"}}}}}
mongodb-1  | {"t":{"$date":"2026-05-04T16:08:16.197-05:00"},"s":"I",  "c":"NETWORK",  "id":22943,   "ctx":"listener","msg":"Connection accepted","attr":{"remote":"172.23.0.5:42094","uuid":"48608eb4-1c31-4608-9d00-2cce94d10b5b","connectionId":37,"connectionCount":7}}
mongodb-1  | {"t":{"$date":"2026-05-04T16:08:16.197-05:00"},"s":"I",  "c":"NETWORK",  "id":51800,   "ctx":"conn37","msg":"client metadata","attr":{"remote":"172.23.0.5:42094","client":"conn37","negotiatedCompressors":[],"doc":{"application":{"name":"Metabase v0.60.3.6"},"driver":{"name":"mongo-java-driver|sync","version":"5.6.1"},"os":{"type":"Linux","name":"Linux","architecture":"amd64","version":"6.17.0-23-generic"},"platform":"Java/Eclipse Adoptium/21.0.10+7-LTS","env":{"container":{"runtime":"docker"}}}}}
mongodb-1  | {"t":{"$date":"2026-05-04T16:08:16.205-05:00"},"s":"I",  "c":"ACCESS",   "id":20250,   "ctx":"conn37","msg":"Authentication succeeded","attr":{"mechanism":"SCRAM-SHA-256","speculative":true,"principalName":"root","authenticationDatabase":"admin","remote":"172.23.0.5:42094","extraInfo":{}}}
mongodb-1  | {"t":{"$date":"2026-05-04T16:08:16.213-05:00"},"s":"I",  "c":"NETWORK",  "id":22944,   "ctx":"conn37","msg":"Connection ended","attr":{"remote":"172.23.0.5:42094","uuid":"48608eb4-1c31-4608-9d00-2cce94d10b5b","connectionId":37,"connectionCount":6}}
mongodb-1  | {"t":{"$date":"2026-05-04T16:08:16.214-05:00"},"s":"I",  "c":"-",        "id":20883,   "ctx":"conn35","msg":"Interrupted operation as its client disconnected","attr":{"opId":60353}}
mongodb-1  | {"t":{"$date":"2026-05-04T16:08:16.214-05:00"},"s":"I",  "c":"NETWORK",  "id":22944,   "ctx":"conn35","msg":"Connection ended","attr":{"remote":"172.23.0.5:42066","uuid":"33960a77-3067-4a8a-95f4-90e05baf1dcf","connectionId":35,"connectionCount":5}}
mongodb-1  | {"t":{"$date":"2026-05-04T16:08:16.215-05:00"},"s":"I",  "c":"NETWORK",  "id":22944,   "ctx":"conn36","msg":"Connection ended","attr":{"remote":"172.23.0.5:42082","uuid":"5a406321-9a4c-47ac-9b08-5e2d0d2a263d","connectionId":36,"connectionCount":4}}
mongodb-1  | {"t":{"$date":"2026-05-04T16:09:13.035-05:00"},"s":"I",  "c":"WTCHKPT",  "id":22430,   "ctx":"Checkpointer","msg":"WiredTiger message","attr":{"message":{"ts_sec":1777928953,"ts_usec":35923,"thread":"1:0x7343f26b7640","session_name":"WT_SESSION.checkpoint","category":"WT_VERB_CHECKPOINT_PROGRESS","category_id":6,"verbose_level":"DEBUG","verbose_level_id":1,"msg":"saving checkpoint snapshot min: 166, snapshot max: 166 snapshot count: 0, oldest timestamp: (0, 0) , meta checkpoint timestamp: (0, 0) base write gen: 478"}}}
mongodb-1  | {"t":{"$date":"2026-05-04T16:10:13.043-05:00"},"s":"I",  "c":"WTCHKPT",  "id":22430,   "ctx":"Checkpointer","msg":"WiredTiger message","attr":{"message":{"ts_sec":1777929013,"ts_usec":43938,"thread":"1:0x7343f26b7640","session_name":"WT_SESSION.checkpoint","category":"WT_VERB_CHECKPOINT_PROGRESS","category_id":6,"verbose_level":"DEBUG","verbose_level_id":1,"msg":"saving checkpoint snapshot min: 168, snapshot max: 168 snapshot count: 0, oldest timestamp: (0, 0) , meta checkpoint timestamp: (0, 0) base write gen: 478"}}}
mongodb-1  | {"t":{"$date":"2026-05-04T16:11:13.051-05:00"},"s":"I",  "c":"WTCHKPT",  "id":22430,   "ctx":"Checkpointer","msg":"WiredTiger message","attr":{"message":{"ts_sec":1777929073,"ts_usec":51848,"thread":"1:0x7343f26b7640","session_name":"WT_SESSION.checkpoint","category":"WT_VERB_CHECKPOINT_PROGRESS","category_id":6,"verbose_level":"DEBUG","verbose_level_id":1,"msg":"saving checkpoint snapshot min: 170, snapshot max: 170 snapshot count: 0, oldest timestamp: (0, 0) , meta checkpoint timestamp: (0, 0) base write gen: 478"}}}
mongodb-1  | {"t":{"$date":"2026-05-04T16:12:13.059-05:00"},"s":"I",  "c":"WTCHKPT",  "id":22430,   "ctx":"Checkpointer","msg":"WiredTiger message","attr":{"message":{"ts_sec":1777929133,"ts_usec":59198,"thread":"1:0x7343f26b7640","session_name":"WT_SESSION.checkpoint","category":"WT_VERB_CHECKPOINT_PROGRESS","category_id":6,"verbose_level":"DEBUG","verbose_level_id":1,"msg":"saving checkpoint snapshot min: 172, snapshot max: 172 snapshot count: 0, oldest timestamp: (0, 0) , meta checkpoint timestamp: (0, 0) base write gen: 478"}}}
mongodb-1  | {"t":{"$date":"2026-05-04T16:13:13.066-05:00"},"s":"I",  "c":"WTCHKPT",  "id":22430,   "ctx":"Checkpointer","msg":"WiredTiger message","attr":{"message":{"ts_sec":1777929193,"ts_usec":66488,"thread":"1:0x7343f26b7640","session_name":"WT_SESSION.checkpoint","category":"WT_VERB_CHECKPOINT_PROGRESS","category_id":6,"verbose_level":"DEBUG","verbose_level_id":1,"msg":"saving checkpoint snapshot min: 174, snapshot max: 174 snapshot count: 0, oldest timestamp: (0, 0) , meta checkpoint timestamp: (0, 0) base write gen: 478"}}}
mongodb-1  | {"t":{"$date":"2026-05-04T16:14:13.072-05:00"},"s":"I",  "c":"WTCHKPT",  "id":22430,   "ctx":"Checkpointer","msg":"WiredTiger message","attr":{"message":{"ts_sec":1777929253,"ts_usec":72221,"thread":"1:0x7343f26b7640","session_name":"WT_SESSION.checkpoint","category":"WT_VERB_CHECKPOINT_PROGRESS","category_id":6,"verbose_level":"DEBUG","verbose_level_id":1,"msg":"saving checkpoint snapshot min: 176, snapshot max: 176 snapshot count: 0, oldest timestamp: (0, 0) , meta checkpoint timestamp: (0, 0) base write gen: 478"}}}
mongodb-1  | {"t":{"$date":"2026-05-04T16:15:13.078-05:00"},"s":"I",  "c":"WTCHKPT",  "id":22430,   "ctx":"Checkpointer","msg":"WiredTiger message","attr":{"message":{"ts_sec":1777929313,"ts_usec":78430,"thread":"1:0x7343f26b7640","session_name":"WT_SESSION.checkpoint","category":"WT_VERB_CHECKPOINT_PROGRESS","category_id":6,"verbose_level":"DEBUG","verbose_level_id":1,"msg":"saving checkpoint snapshot min: 178, snapshot max: 178 snapshot count: 0, oldest timestamp: (0, 0) , meta checkpoint timestamp: (0, 0) base write gen: 478"}}}
mongodb-1  | {"t":{"$date":"2026-05-04T16:16:13.088-05:00"},"s":"I",  "c":"WTCHKPT",  "id":22430,   "ctx":"Checkpointer","msg":"WiredTiger message","attr":{"message":{"ts_sec":1777929373,"ts_usec":88808,"thread":"1:0x7343f26b7640","session_name":"WT_SESSION.checkpoint","category":"WT_VERB_CHECKPOINT_PROGRESS","category_id":6,"verbose_level":"DEBUG","verbose_level_id":1,"msg":"saving checkpoint snapshot min: 180, snapshot max: 180 snapshot count: 0, oldest timestamp: (0, 0) , meta checkpoint timestamp: (0, 0) base write gen: 478"}}}
mongodb-1  | {"t":{"$date":"2026-05-04T16:17:13.095-05:00"},"s":"I",  "c":"WTCHKPT",  "id":22430,   "ctx":"Checkpointer","msg":"WiredTiger message","attr":{"message":{"ts_sec":1777929433,"ts_usec":95724,"thread":"1:0x7343f26b7640","session_name":"WT_SESSION.checkpoint","category":"WT_VERB_CHECKPOINT_PROGRESS","category_id":6,"verbose_level":"DEBUG","verbose_level_id":1,"msg":"saving checkpoint snapshot min: 182, snapshot max: 182 snapshot count: 0, oldest timestamp: (0, 0) , meta checkpoint timestamp: (0, 0) base write gen: 478"}}}
mongodb-1  | {"t":{"$date":"2026-05-04T16:18:13.101-05:00"},"s":"I",  "c":"WTCHKPT",  "id":22430,   "ctx":"Checkpointer","msg":"WiredTiger message","attr":{"message":{"ts_sec":1777929493,"ts_usec":101485,"thread":"1:0x7343f26b7640","session_name":"WT_SESSION.checkpoint","category":"WT_VERB_CHECKPOINT_PROGRESS","category_id":6,"verbose_level":"DEBUG","verbose_level_id":1,"msg":"saving checkpoint snapshot min: 184, snapshot max: 184 snapshot count: 0, oldest timestamp: (0, 0) , meta checkpoint timestamp: (0, 0) base write gen: 478"}}}
mongodb-1  | {"t":{"$date":"2026-05-04T16:19:06.329-05:00"},"s":"I",  "c":"NETWORK",  "id":22943,   "ctx":"listener","msg":"Connection accepted","attr":{"remote":"127.0.0.1:53080","uuid":"e68a598f-a241-4326-bd63-520df736cb71","connectionId":38,"connectionCount":5}}
mongodb-1  | {"t":{"$date":"2026-05-04T16:19:06.332-05:00"},"s":"I",  "c":"NETWORK",  "id":51800,   "ctx":"conn38","msg":"client metadata","attr":{"remote":"127.0.0.1:53080","client":"conn38","negotiatedCompressors":[],"doc":{"application":{"name":"mongosh 2.5.10"},"driver":{"name":"nodejs|mongosh","version":"6.19.0|2.5.10"},"platform":"Node.js v20.19.6, LE","os":{"name":"linux","architecture":"x64","version":"3.10.0-327.22.2.el7.x86_64","type":"Linux"},"env":{"container":{"runtime":"docker"}}}}}
mongodb-1  | {"t":{"$date":"2026-05-04T16:19:06.335-05:00"},"s":"I",  "c":"NETWORK",  "id":22943,   "ctx":"listener","msg":"Connection accepted","attr":{"remote":"127.0.0.1:53088","uuid":"ad5dbe5d-51c7-4f8c-9bdc-a5020ca54eb9","connectionId":39,"connectionCount":6}}
mongodb-1  | {"t":{"$date":"2026-05-04T16:19:06.336-05:00"},"s":"I",  "c":"NETWORK",  "id":51800,   "ctx":"conn39","msg":"client metadata","attr":{"remote":"127.0.0.1:53088","client":"conn39","negotiatedCompressors":[],"doc":{"application":{"name":"mongosh 2.5.10"},"driver":{"name":"nodejs|mongosh","version":"6.19.0|2.5.10"},"platform":"Node.js v20.19.6, LE","os":{"name":"linux","architecture":"x64","version":"3.10.0-327.22.2.el7.x86_64","type":"Linux"},"env":{"container":{"runtime":"docker"}}}}}
mongodb-1  | {"t":{"$date":"2026-05-04T16:19:06.342-05:00"},"s":"I",  "c":"ACCESS",   "id":20250,   "ctx":"conn39","msg":"Authentication succeeded","attr":{"mechanism":"SCRAM-SHA-256","speculative":true,"principalName":"root","authenticationDatabase":"admin","remote":"127.0.0.1:53088","extraInfo":{}}}
mongodb-1  | {"t":{"$date":"2026-05-04T16:19:06.382-05:00"},"s":"I",  "c":"NETWORK",  "id":22943,   "ctx":"listener","msg":"Connection accepted","attr":{"remote":"127.0.0.1:53090","uuid":"358768e1-2e08-4663-87a6-3d63c6685617","connectionId":40,"connectionCount":7}}
mongodb-1  | {"t":{"$date":"2026-05-04T16:19:06.382-05:00"},"s":"I",  "c":"NETWORK",  "id":22943,   "ctx":"listener","msg":"Connection accepted","attr":{"remote":"127.0.0.1:53098","uuid":"daf72160-1fc9-4c4b-adba-a1b0ce68920d","connectionId":41,"connectionCount":8}}
mongodb-1  | {"t":{"$date":"2026-05-04T16:19:06.386-05:00"},"s":"I",  "c":"NETWORK",  "id":51800,   "ctx":"conn40","msg":"client metadata","attr":{"remote":"127.0.0.1:53090","client":"conn40","negotiatedCompressors":[],"doc":{"application":{"name":"mongosh 2.5.10"},"driver":{"name":"nodejs|mongosh","version":"6.19.0|2.5.10"},"platform":"Node.js v20.19.6, LE","os":{"name":"linux","architecture":"x64","version":"3.10.0-327.22.2.el7.x86_64","type":"Linux"},"env":{"container":{"runtime":"docker"}}}}}
mongodb-1  | {"t":{"$date":"2026-05-04T16:19:06.386-05:00"},"s":"I",  "c":"NETWORK",  "id":51800,   "ctx":"conn41","msg":"client metadata","attr":{"remote":"127.0.0.1:53098","client":"conn41","negotiatedCompressors":[],"doc":{"application":{"name":"mongosh 2.5.10"},"driver":{"name":"nodejs|mongosh","version":"6.19.0|2.5.10"},"platform":"Node.js v20.19.6, LE","os":{"name":"linux","architecture":"x64","version":"3.10.0-327.22.2.el7.x86_64","type":"Linux"},"env":{"container":{"runtime":"docker"}}}}}
mongodb-1  | {"t":{"$date":"2026-05-04T16:19:06.389-05:00"},"s":"I",  "c":"ACCESS",   "id":20250,   "ctx":"conn40","msg":"Authentication succeeded","attr":{"mechanism":"SCRAM-SHA-256","speculative":true,"principalName":"root","authenticationDatabase":"admin","remote":"127.0.0.1:53090","extraInfo":{}}}
mongodb-1  | {"t":{"$date":"2026-05-04T16:19:06.389-05:00"},"s":"I",  "c":"ACCESS",   "id":20250,   "ctx":"conn41","msg":"Authentication succeeded","attr":{"mechanism":"SCRAM-SHA-256","speculative":true,"principalName":"root","authenticationDatabase":"admin","remote":"127.0.0.1:53098","extraInfo":{}}}
mongodb-1  | {"t":{"$date":"2026-05-04T16:19:06.407-05:00"},"s":"I",  "c":"NETWORK",  "id":22944,   "ctx":"conn41","msg":"Connection ended","attr":{"remote":"127.0.0.1:53098","uuid":"daf72160-1fc9-4c4b-adba-a1b0ce68920d","connectionId":41,"connectionCount":6}}
mongodb-1  | {"t":{"$date":"2026-05-04T16:19:06.407-05:00"},"s":"I",  "c":"NETWORK",  "id":22944,   "ctx":"conn40","msg":"Connection ended","attr":{"remote":"127.0.0.1:53090","uuid":"358768e1-2e08-4663-87a6-3d63c6685617","connectionId":40,"connectionCount":4}}
mongodb-1  | {"t":{"$date":"2026-05-04T16:19:06.407-05:00"},"s":"I",  "c":"NETWORK",  "id":22944,   "ctx":"conn38","msg":"Connection ended","attr":{"remote":"127.0.0.1:53080","uuid":"e68a598f-a241-4326-bd63-520df736cb71","connectionId":38,"connectionCount":7}}
mongodb-1  | {"t":{"$date":"2026-05-04T16:19:06.407-05:00"},"s":"I",  "c":"NETWORK",  "id":22944,   "ctx":"conn39","msg":"Connection ended","attr":{"remote":"127.0.0.1:53088","uuid":"ad5dbe5d-51c7-4f8c-9bdc-a5020ca54eb9","connectionId":39,"connectionCount":5}}
mongodb-1  | {"t":{"$date":"2026-05-04T16:19:13.109-05:00"},"s":"I",  "c":"WTCHKPT",  "id":22430,   "ctx":"Checkpointer","msg":"WiredTiger message","attr":{"message":{"ts_sec":1777929553,"ts_usec":109005,"thread":"1:0x7343f26b7640","session_name":"WT_SESSION.checkpoint","category":"WT_VERB_CHECKPOINT_PROGRESS","category_id":6,"verbose_level":"DEBUG","verbose_level_id":1,"msg":"saving checkpoint snapshot min: 186, snapshot max: 186 snapshot count: 0, oldest timestamp: (0, 0) , meta checkpoint timestamp: (0, 0) base write gen: 478"}}}
mongodb-1  | {"t":{"$date":"2026-05-04T16:20:13.116-05:00"},"s":"I",  "c":"WTCHKPT",  "id":22430,   "ctx":"Checkpointer","msg":"WiredTiger message","attr":{"message":{"ts_sec":1777929613,"ts_usec":116221,"thread":"1:0x7343f26b7640","session_name":"WT_SESSION.checkpoint","category":"WT_VERB_CHECKPOINT_PROGRESS","category_id":6,"verbose_level":"DEBUG","verbose_level_id":1,"msg":"saving checkpoint snapshot min: 188, snapshot max: 188 snapshot count: 0, oldest timestamp: (0, 0) , meta checkpoint timestamp: (0, 0) base write gen: 478"}}}
mongodb-1  | {"t":{"$date":"2026-05-04T16:21:13.125-05:00"},"s":"I",  "c":"WTCHKPT",  "id":22430,   "ctx":"Checkpointer","msg":"WiredTiger message","attr":{"message":{"ts_sec":1777929673,"ts_usec":124965,"thread":"1:0x7343f26b7640","session_name":"WT_SESSION.checkpoint","category":"WT_VERB_CHECKPOINT_PROGRESS","category_id":6,"verbose_level":"DEBUG","verbose_level_id":1,"msg":"saving checkpoint snapshot min: 190, snapshot max: 190 snapshot count: 0, oldest timestamp: (0, 0) , meta checkpoint timestamp: (0, 0) base write gen: 478"}}}
-------- kafka-connect ----------
kafka-connect-1  | [2026-05-04 16:13:45,559] INFO 172.23.0.8 - - [04/May/2026:21:13:45 +0000] "GET /connectors HTTP/1.1" 200 19 "-" "curl/7.61.1" 1 (org.apache.kafka.connect.runtime.rest.RestServer)
kafka-connect-1  | [2026-05-04 16:13:50,605] INFO 172.23.0.8 - - [04/May/2026:21:13:50 +0000] "GET /connectors HTTP/1.1" 200 19 "-" "curl/7.61.1" 1 (org.apache.kafka.connect.runtime.rest.RestServer)
kafka-connect-1  | [2026-05-04 16:13:55,646] INFO 172.23.0.8 - - [04/May/2026:21:13:55 +0000] "GET /connectors HTTP/1.1" 200 19 "-" "curl/7.61.1" 1 (org.apache.kafka.connect.runtime.rest.RestServer)
kafka-connect-1  | [2026-05-04 16:14:00,683] INFO 172.23.0.8 - - [04/May/2026:21:14:00 +0000] "GET /connectors HTTP/1.1" 200 19 "-" "curl/7.61.1" 1 (org.apache.kafka.connect.runtime.rest.RestServer)
kafka-connect-1  | [2026-05-04 16:14:05,729] INFO 172.23.0.8 - - [04/May/2026:21:14:05 +0000] "GET /connectors HTTP/1.1" 200 19 "-" "curl/7.61.1" 1 (org.apache.kafka.connect.runtime.rest.RestServer)
kafka-connect-1  | [2026-05-04 16:14:10,767] INFO 172.23.0.8 - - [04/May/2026:21:14:10 +0000] "GET /connectors HTTP/1.1" 200 19 "-" "curl/7.61.1" 1 (org.apache.kafka.connect.runtime.rest.RestServer)
kafka-connect-1  | [2026-05-04 16:14:15,813] INFO 172.23.0.8 - - [04/May/2026:21:14:15 +0000] "GET /connectors HTTP/1.1" 200 19 "-" "curl/7.61.1" 1 (org.apache.kafka.connect.runtime.rest.RestServer)
kafka-connect-1  | [2026-05-04 16:14:20,861] INFO 172.23.0.8 - - [04/May/2026:21:14:20 +0000] "GET /connectors HTTP/1.1" 200 19 "-" "curl/7.61.1" 2 (org.apache.kafka.connect.runtime.rest.RestServer)
kafka-connect-1  | [2026-05-04 16:14:25,914] INFO 172.23.0.8 - - [04/May/2026:21:14:25 +0000] "GET /connectors HTTP/1.1" 200 19 "-" "curl/7.61.1" 2 (org.apache.kafka.connect.runtime.rest.RestServer)
kafka-connect-1  | [2026-05-04 16:14:30,956] INFO 172.23.0.8 - - [04/May/2026:21:14:30 +0000] "GET /connectors HTTP/1.1" 200 19 "-" "curl/7.61.1" 1 (org.apache.kafka.connect.runtime.rest.RestServer)
kafka-connect-1  | [2026-05-04 16:14:36,005] INFO 172.23.0.8 - - [04/May/2026:21:14:36 +0000] "GET /connectors HTTP/1.1" 200 19 "-" "curl/7.61.1" 1 (org.apache.kafka.connect.runtime.rest.RestServer)
kafka-connect-1  | [2026-05-04 16:14:41,075] INFO 172.23.0.8 - - [04/May/2026:21:14:41 +0000] "GET /connectors HTTP/1.1" 200 19 "-" "curl/7.61.1" 1 (org.apache.kafka.connect.runtime.rest.RestServer)
kafka-connect-1  | [2026-05-04 16:14:46,120] INFO 172.23.0.8 - - [04/May/2026:21:14:46 +0000] "GET /connectors HTTP/1.1" 200 19 "-" "curl/7.61.1" 1 (org.apache.kafka.connect.runtime.rest.RestServer)
kafka-connect-1  | [2026-05-04 16:14:51,171] INFO 172.23.0.8 - - [04/May/2026:21:14:51 +0000] "GET /connectors HTTP/1.1" 200 19 "-" "curl/7.61.1" 1 (org.apache.kafka.connect.runtime.rest.RestServer)
kafka-connect-1  | [2026-05-04 16:14:56,215] INFO 172.23.0.8 - - [04/May/2026:21:14:56 +0000] "GET /connectors HTTP/1.1" 200 19 "-" "curl/7.61.1" 1 (org.apache.kafka.connect.runtime.rest.RestServer)
kafka-connect-1  | [2026-05-04 16:15:01,276] INFO 172.23.0.8 - - [04/May/2026:21:15:01 +0000] "GET /connectors HTTP/1.1" 200 19 "-" "curl/7.61.1" 1 (org.apache.kafka.connect.runtime.rest.RestServer)
kafka-connect-1  | [2026-05-04 16:15:06,332] INFO 172.23.0.8 - - [04/May/2026:21:15:06 +0000] "GET /connectors HTTP/1.1" 200 19 "-" "curl/7.61.1" 1 (org.apache.kafka.connect.runtime.rest.RestServer)
kafka-connect-1  | [2026-05-04 16:15:11,319] INFO [AdminClient clientId=kafka-connect-group--shared-admin] Node 1 disconnected. (org.apache.kafka.clients.NetworkClient)
kafka-connect-1  | [2026-05-04 16:15:11,372] INFO 172.23.0.8 - - [04/May/2026:21:15:11 +0000] "GET /connectors HTTP/1.1" 200 19 "-" "curl/7.61.1" 1 (org.apache.kafka.connect.runtime.rest.RestServer)
kafka-connect-1  | [2026-05-04 16:15:16,422] INFO 172.23.0.8 - - [04/May/2026:21:15:16 +0000] "GET /connectors HTTP/1.1" 200 19 "-" "curl/7.61.1" 1 (org.apache.kafka.connect.runtime.rest.RestServer)
kafka-connect-1  | [2026-05-04 16:15:21,458] INFO 172.23.0.8 - - [04/May/2026:21:15:21 +0000] "GET /connectors HTTP/1.1" 200 19 "-" "curl/7.61.1" 1 (org.apache.kafka.connect.runtime.rest.RestServer)
kafka-connect-1  | [2026-05-04 16:15:26,518] INFO 172.23.0.8 - - [04/May/2026:21:15:26 +0000] "GET /connectors HTTP/1.1" 200 19 "-" "curl/7.61.1" 1 (org.apache.kafka.connect.runtime.rest.RestServer)
kafka-connect-1  | [2026-05-04 16:15:31,596] INFO 172.23.0.8 - - [04/May/2026:21:15:31 +0000] "GET /connectors HTTP/1.1" 200 19 "-" "curl/7.61.1" 1 (org.apache.kafka.connect.runtime.rest.RestServer)
kafka-connect-1  | [2026-05-04 16:15:36,660] INFO 172.23.0.8 - - [04/May/2026:21:15:36 +0000] "GET /connectors HTTP/1.1" 200 19 "-" "curl/7.61.1" 1 (org.apache.kafka.connect.runtime.rest.RestServer)
kafka-connect-1  | [2026-05-04 16:15:41,705] INFO 172.23.0.8 - - [04/May/2026:21:15:41 +0000] "GET /connectors HTTP/1.1" 200 19 "-" "curl/7.61.1" 0 (org.apache.kafka.connect.runtime.rest.RestServer)
kafka-connect-1  | [2026-05-04 16:15:46,758] INFO 172.23.0.8 - - [04/May/2026:21:15:46 +0000] "GET /connectors HTTP/1.1" 200 19 "-" "curl/7.61.1" 1 (org.apache.kafka.connect.runtime.rest.RestServer)
kafka-connect-1  | [2026-05-04 16:15:51,811] INFO 172.23.0.8 - - [04/May/2026:21:15:51 +0000] "GET /connectors HTTP/1.1" 200 19 "-" "curl/7.61.1" 2 (org.apache.kafka.connect.runtime.rest.RestServer)
kafka-connect-1  | [2026-05-04 16:15:56,852] INFO 172.23.0.8 - - [04/May/2026:21:15:56 +0000] "GET /connectors HTTP/1.1" 200 19 "-" "curl/7.61.1" 1 (org.apache.kafka.connect.runtime.rest.RestServer)
kafka-connect-1  | [2026-05-04 16:16:01,895] INFO 172.23.0.8 - - [04/May/2026:21:16:01 +0000] "GET /connectors HTTP/1.1" 200 19 "-" "curl/7.61.1" 1 (org.apache.kafka.connect.runtime.rest.RestServer)
kafka-connect-1  | [2026-05-04 16:16:07,045] INFO 172.23.0.8 - - [04/May/2026:21:16:07 +0000] "GET /connectors HTTP/1.1" 200 19 "-" "curl/7.61.1" 3 (org.apache.kafka.connect.runtime.rest.RestServer)
kafka-connect-1  | [2026-05-04 16:16:12,098] INFO 172.23.0.8 - - [04/May/2026:21:16:12 +0000] "GET /connectors HTTP/1.1" 200 19 "-" "curl/7.61.1" 1 (org.apache.kafka.connect.runtime.rest.RestServer)
kafka-connect-1  | [2026-05-04 16:16:17,149] INFO 172.23.0.8 - - [04/May/2026:21:16:17 +0000] "GET /connectors HTTP/1.1" 200 19 "-" "curl/7.61.1" 2 (org.apache.kafka.connect.runtime.rest.RestServer)
kafka-connect-1  | [2026-05-04 16:16:22,204] INFO 172.23.0.8 - - [04/May/2026:21:16:22 +0000] "GET /connectors HTTP/1.1" 200 19 "-" "curl/7.61.1" 2 (org.apache.kafka.connect.runtime.rest.RestServer)
kafka-connect-1  | [2026-05-04 16:16:27,253] INFO 172.23.0.8 - - [04/May/2026:21:16:27 +0000] "GET /connectors HTTP/1.1" 200 19 "-" "curl/7.61.1" 1 (org.apache.kafka.connect.runtime.rest.RestServer)
kafka-connect-1  | [2026-05-04 16:16:32,295] INFO 172.23.0.8 - - [04/May/2026:21:16:32 +0000] "GET /connectors HTTP/1.1" 200 19 "-" "curl/7.61.1" 1 (org.apache.kafka.connect.runtime.rest.RestServer)
kafka-connect-1  | [2026-05-04 16:16:37,335] INFO 172.23.0.8 - - [04/May/2026:21:16:37 +0000] "GET /connectors HTTP/1.1" 200 19 "-" "curl/7.61.1" 1 (org.apache.kafka.connect.runtime.rest.RestServer)
kafka-connect-1  | [2026-05-04 16:16:42,375] INFO 172.23.0.8 - - [04/May/2026:21:16:42 +0000] "GET /connectors HTTP/1.1" 200 19 "-" "curl/7.61.1" 1 (org.apache.kafka.connect.runtime.rest.RestServer)
kafka-connect-1  | [2026-05-04 16:16:47,415] INFO 172.23.0.8 - - [04/May/2026:21:16:47 +0000] "GET /connectors HTTP/1.1" 200 19 "-" "curl/7.61.1" 1 (org.apache.kafka.connect.runtime.rest.RestServer)
kafka-connect-1  | [2026-05-04 16:16:52,453] INFO 172.23.0.8 - - [04/May/2026:21:16:52 +0000] "GET /connectors HTTP/1.1" 200 19 "-" "curl/7.61.1" 1 (org.apache.kafka.connect.runtime.rest.RestServer)
kafka-connect-1  | [2026-05-04 16:16:57,492] INFO 172.23.0.8 - - [04/May/2026:21:16:57 +0000] "GET /connectors HTTP/1.1" 200 19 "-" "curl/7.61.1" 1 (org.apache.kafka.connect.runtime.rest.RestServer)
kafka-connect-1  | [2026-05-04 16:17:02,533] INFO 172.23.0.8 - - [04/May/2026:21:17:02 +0000] "GET /connectors HTTP/1.1" 200 19 "-" "curl/7.61.1" 1 (org.apache.kafka.connect.runtime.rest.RestServer)
kafka-connect-1  | [2026-05-04 16:17:07,575] INFO 172.23.0.8 - - [04/May/2026:21:17:07 +0000] "GET /connectors HTTP/1.1" 200 19 "-" "curl/7.61.1" 1 (org.apache.kafka.connect.runtime.rest.RestServer)
kafka-connect-1  | [2026-05-04 16:17:12,625] INFO 172.23.0.8 - - [04/May/2026:21:17:12 +0000] "GET /connectors HTTP/1.1" 200 19 "-" "curl/7.61.1" 1 (org.apache.kafka.connect.runtime.rest.RestServer)
kafka-connect-1  | [2026-05-04 16:17:17,668] INFO 172.23.0.8 - - [04/May/2026:21:17:17 +0000] "GET /connectors HTTP/1.1" 200 19 "-" "curl/7.61.1" 1 (org.apache.kafka.connect.runtime.rest.RestServer)
kafka-connect-1  | [2026-05-04 16:17:22,711] INFO 172.23.0.8 - - [04/May/2026:21:17:22 +0000] "GET /connectors HTTP/1.1" 200 19 "-" "curl/7.61.1" 1 (org.apache.kafka.connect.runtime.rest.RestServer)
kafka-connect-1  | [2026-05-04 16:17:27,750] INFO 172.23.0.8 - - [04/May/2026:21:17:27 +0000] "GET /connectors HTTP/1.1" 200 19 "-" "curl/7.61.1" 1 (org.apache.kafka.connect.runtime.rest.RestServer)
kafka-connect-1  | [2026-05-04 16:17:32,788] INFO 172.23.0.8 - - [04/May/2026:21:17:32 +0000] "GET /connectors HTTP/1.1" 200 19 "-" "curl/7.61.1" 1 (org.apache.kafka.connect.runtime.rest.RestServer)
kafka-connect-1  | [2026-05-04 16:17:37,829] INFO 172.23.0.8 - - [04/May/2026:21:17:37 +0000] "GET /connectors HTTP/1.1" 200 19 "-" "curl/7.61.1" 1 (org.apache.kafka.connect.runtime.rest.RestServer)
kafka-connect-1  | [2026-05-04 16:17:42,870] INFO 172.23.0.8 - - [04/May/2026:21:17:42 +0000] "GET /connectors HTTP/1.1" 200 19 "-" "curl/7.61.1" 1 (org.apache.kafka.connect.runtime.rest.RestServer)
kafka-connect-1  | [2026-05-04 16:17:47,913] INFO 172.23.0.8 - - [04/May/2026:21:17:47 +0000] "GET /connectors HTTP/1.1" 200 19 "-" "curl/7.61.1" 0 (org.apache.kafka.connect.runtime.rest.RestServer)
kafka-connect-1  | [2026-05-04 16:17:52,953] INFO 172.23.0.8 - - [04/May/2026:21:17:52 +0000] "GET /connectors HTTP/1.1" 200 19 "-" "curl/7.61.1" 1 (org.apache.kafka.connect.runtime.rest.RestServer)
kafka-connect-1  | [2026-05-04 16:17:57,992] INFO 172.23.0.8 - - [04/May/2026:21:17:57 +0000] "GET /connectors HTTP/1.1" 200 19 "-" "curl/7.61.1" 0 (org.apache.kafka.connect.runtime.rest.RestServer)
kafka-connect-1  | [2026-05-04 16:18:03,032] INFO 172.23.0.8 - - [04/May/2026:21:18:03 +0000] "GET /connectors HTTP/1.1" 200 19 "-" "curl/7.61.1" 0 (org.apache.kafka.connect.runtime.rest.RestServer)
kafka-connect-1  | [2026-05-04 16:18:08,069] INFO 172.23.0.8 - - [04/May/2026:21:18:08 +0000] "GET /connectors HTTP/1.1" 200 19 "-" "curl/7.61.1" 0 (org.apache.kafka.connect.runtime.rest.RestServer)
kafka-connect-1  | [2026-05-04 16:18:13,121] INFO 172.23.0.8 - - [04/May/2026:21:18:13 +0000] "GET /connectors HTTP/1.1" 200 19 "-" "curl/7.61.1" 1 (org.apache.kafka.connect.runtime.rest.RestServer)
kafka-connect-1  | [2026-05-04 16:18:18,167] INFO 172.23.0.8 - - [04/May/2026:21:18:18 +0000] "GET /connectors HTTP/1.1" 200 19 "-" "curl/7.61.1" 1 (org.apache.kafka.connect.runtime.rest.RestServer)
kafka-connect-1  | [2026-05-04 16:18:23,209] INFO 172.23.0.8 - - [04/May/2026:21:18:23 +0000] "GET /connectors HTTP/1.1" 200 19 "-" "curl/7.61.1" 0 (org.apache.kafka.connect.runtime.rest.RestServer)
kafka-connect-1  | [2026-05-04 16:18:28,250] INFO 172.23.0.8 - - [04/May/2026:21:18:28 +0000] "GET /connectors HTTP/1.1" 200 19 "-" "curl/7.61.1" 1 (org.apache.kafka.connect.runtime.rest.RestServer)
kafka-connect-1  | [2026-05-04 16:18:33,285] INFO 172.23.0.8 - - [04/May/2026:21:18:33 +0000] "GET /connectors HTTP/1.1" 200 19 "-" "curl/7.61.1" 1 (org.apache.kafka.connect.runtime.rest.RestServer)
kafka-connect-1  | [2026-05-04 16:18:38,325] INFO 172.23.0.8 - - [04/May/2026:21:18:38 +0000] "GET /connectors HTTP/1.1" 200 19 "-" "curl/7.61.1" 1 (org.apache.kafka.connect.runtime.rest.RestServer)
kafka-connect-1  | [2026-05-04 16:18:43,367] INFO 172.23.0.8 - - [04/May/2026:21:18:43 +0000] "GET /connectors HTTP/1.1" 200 19 "-" "curl/7.61.1" 1 (org.apache.kafka.connect.runtime.rest.RestServer)
kafka-connect-1  | [2026-05-04 16:18:48,415] INFO 172.23.0.8 - - [04/May/2026:21:18:48 +0000] "GET /connectors HTTP/1.1" 200 19 "-" "curl/7.61.1" 0 (org.apache.kafka.connect.runtime.rest.RestServer)
kafka-connect-1  | [2026-05-04 16:18:53,457] INFO 172.23.0.8 - - [04/May/2026:21:18:53 +0000] "GET /connectors HTTP/1.1" 200 19 "-" "curl/7.61.1" 1 (org.apache.kafka.connect.runtime.rest.RestServer)
kafka-connect-1  | [2026-05-04 16:18:54,033] INFO 172.23.0.1 - - [04/May/2026:21:18:54 +0000] "GET /connectors/mongo-sink-otel/status HTTP/1.1" 200 175 "-" "curl/8.5.0" 6 (org.apache.kafka.connect.runtime.rest.RestServer)
kafka-connect-1  | [2026-05-04 16:18:58,500] INFO 172.23.0.8 - - [04/May/2026:21:18:58 +0000] "GET /connectors HTTP/1.1" 200 19 "-" "curl/7.61.1" 1 (org.apache.kafka.connect.runtime.rest.RestServer)
kafka-connect-1  | [2026-05-04 16:19:03,538] INFO 172.23.0.8 - - [04/May/2026:21:19:03 +0000] "GET /connectors HTTP/1.1" 200 19 "-" "curl/7.61.1" 1 (org.apache.kafka.connect.runtime.rest.RestServer)
kafka-connect-1  | [2026-05-04 16:19:08,581] INFO 172.23.0.8 - - [04/May/2026:21:19:08 +0000] "GET /connectors HTTP/1.1" 200 19 "-" "curl/7.61.1" 0 (org.apache.kafka.connect.runtime.rest.RestServer)
kafka-connect-1  | [2026-05-04 16:19:13,622] INFO 172.23.0.8 - - [04/May/2026:21:19:13 +0000] "GET /connectors HTTP/1.1" 200 19 "-" "curl/7.61.1" 1 (org.apache.kafka.connect.runtime.rest.RestServer)
kafka-connect-1  | [2026-05-04 16:19:18,660] INFO 172.23.0.8 - - [04/May/2026:21:19:18 +0000] "GET /connectors HTTP/1.1" 200 19 "-" "curl/7.61.1" 1 (org.apache.kafka.connect.runtime.rest.RestServer)
kafka-connect-1  | [2026-05-04 16:19:23,712] INFO 172.23.0.8 - - [04/May/2026:21:19:23 +0000] "GET /connectors HTTP/1.1" 200 19 "-" "curl/7.61.1" 1 (org.apache.kafka.connect.runtime.rest.RestServer)
kafka-connect-1  | [2026-05-04 16:19:28,752] INFO 172.23.0.8 - - [04/May/2026:21:19:28 +0000] "GET /connectors HTTP/1.1" 200 19 "-" "curl/7.61.1" 1 (org.apache.kafka.connect.runtime.rest.RestServer)
kafka-connect-1  | [2026-05-04 16:19:33,797] INFO 172.23.0.8 - - [04/May/2026:21:19:33 +0000] "GET /connectors HTTP/1.1" 200 19 "-" "curl/7.61.1" 1 (org.apache.kafka.connect.runtime.rest.RestServer)
kafka-connect-1  | [2026-05-04 16:19:38,841] INFO 172.23.0.8 - - [04/May/2026:21:19:38 +0000] "GET /connectors HTTP/1.1" 200 19 "-" "curl/7.61.1" 1 (org.apache.kafka.connect.runtime.rest.RestServer)
kafka-connect-1  | [2026-05-04 16:19:43,882] INFO 172.23.0.8 - - [04/May/2026:21:19:43 +0000] "GET /connectors HTTP/1.1" 200 19 "-" "curl/7.61.1" 1 (org.apache.kafka.connect.runtime.rest.RestServer)
kafka-connect-1  | [2026-05-04 16:19:48,927] INFO 172.23.0.8 - - [04/May/2026:21:19:48 +0000] "GET /connectors HTTP/1.1" 200 19 "-" "curl/7.61.1" 1 (org.apache.kafka.connect.runtime.rest.RestServer)
kafka-connect-1  | [2026-05-04 16:19:54,015] INFO 172.23.0.8 - - [04/May/2026:21:19:54 +0000] "GET /connectors HTTP/1.1" 200 19 "-" "curl/7.61.1" 1 (org.apache.kafka.connect.runtime.rest.RestServer)
kafka-connect-1  | [2026-05-04 16:19:59,068] INFO 172.23.0.8 - - [04/May/2026:21:19:59 +0000] "GET /connectors HTTP/1.1" 200 19 "-" "curl/7.61.1" 1 (org.apache.kafka.connect.runtime.rest.RestServer)
kafka-connect-1  | [2026-05-04 16:20:04,107] INFO 172.23.0.8 - - [04/May/2026:21:20:04 +0000] "GET /connectors HTTP/1.1" 200 19 "-" "curl/7.61.1" 1 (org.apache.kafka.connect.runtime.rest.RestServer)
kafka-connect-1  | [2026-05-04 16:20:09,143] INFO 172.23.0.8 - - [04/May/2026:21:20:09 +0000] "GET /connectors HTTP/1.1" 200 19 "-" "curl/7.61.1" 0 (org.apache.kafka.connect.runtime.rest.RestServer)
kafka-connect-1  | [2026-05-04 16:20:11,526] INFO [AdminClient clientId=kafka-connect-group--shared-admin] Node 1 disconnected. (org.apache.kafka.clients.NetworkClient)
kafka-connect-1  | [2026-05-04 16:20:14,184] INFO 172.23.0.8 - - [04/May/2026:21:20:14 +0000] "GET /connectors HTTP/1.1" 200 19 "-" "curl/7.61.1" 1 (org.apache.kafka.connect.runtime.rest.RestServer)
kafka-connect-1  | [2026-05-04 16:20:19,225] INFO 172.23.0.8 - - [04/May/2026:21:20:19 +0000] "GET /connectors HTTP/1.1" 200 19 "-" "curl/7.61.1" 1 (org.apache.kafka.connect.runtime.rest.RestServer)
kafka-connect-1  | [2026-05-04 16:20:24,268] INFO 172.23.0.8 - - [04/May/2026:21:20:24 +0000] "GET /connectors HTTP/1.1" 200 19 "-" "curl/7.61.1" 1 (org.apache.kafka.connect.runtime.rest.RestServer)
kafka-connect-1  | [2026-05-04 16:20:29,307] INFO 172.23.0.8 - - [04/May/2026:21:20:29 +0000] "GET /connectors HTTP/1.1" 200 19 "-" "curl/7.61.1" 1 (org.apache.kafka.connect.runtime.rest.RestServer)
kafka-connect-1  | [2026-05-04 16:20:34,367] INFO 172.23.0.8 - - [04/May/2026:21:20:34 +0000] "GET /connectors HTTP/1.1" 200 19 "-" "curl/7.61.1" 1 (org.apache.kafka.connect.runtime.rest.RestServer)
kafka-connect-1  | [2026-05-04 16:20:39,408] INFO 172.23.0.8 - - [04/May/2026:21:20:39 +0000] "GET /connectors HTTP/1.1" 200 19 "-" "curl/7.61.1" 1 (org.apache.kafka.connect.runtime.rest.RestServer)
kafka-connect-1  | [2026-05-04 16:20:44,452] INFO 172.23.0.8 - - [04/May/2026:21:20:44 +0000] "GET /connectors HTTP/1.1" 200 19 "-" "curl/7.61.1" 1 (org.apache.kafka.connect.runtime.rest.RestServer)
kafka-connect-1  | [2026-05-04 16:20:49,489] INFO 172.23.0.8 - - [04/May/2026:21:20:49 +0000] "GET /connectors HTTP/1.1" 200 19 "-" "curl/7.61.1" 0 (org.apache.kafka.connect.runtime.rest.RestServer)
kafka-connect-1  | [2026-05-04 16:20:54,535] INFO 172.23.0.8 - - [04/May/2026:21:20:54 +0000] "GET /connectors HTTP/1.1" 200 19 "-" "curl/7.61.1" 1 (org.apache.kafka.connect.runtime.rest.RestServer)
kafka-connect-1  | [2026-05-04 16:20:59,576] INFO 172.23.0.8 - - [04/May/2026:21:20:59 +0000] "GET /connectors HTTP/1.1" 200 19 "-" "curl/7.61.1" 1 (org.apache.kafka.connect.runtime.rest.RestServer)
kafka-connect-1  | [2026-05-04 16:21:04,621] INFO 172.23.0.8 - - [04/May/2026:21:21:04 +0000] "GET /connectors HTTP/1.1" 200 19 "-" "curl/7.61.1" 1 (org.apache.kafka.connect.runtime.rest.RestServer)
kafka-connect-1  | [2026-05-04 16:21:09,661] INFO 172.23.0.8 - - [04/May/2026:21:21:09 +0000] "GET /connectors HTTP/1.1" 200 19 "-" "curl/7.61.1" 1 (org.apache.kafka.connect.runtime.rest.RestServer)
kafka-connect-1  | [2026-05-04 16:21:14,705] INFO 172.23.0.8 - - [04/May/2026:21:21:14 +0000] "GET /connectors HTTP/1.1" 200 19 "-" "curl/7.61.1" 1 (org.apache.kafka.connect.runtime.rest.RestServer)
kafka-connect-1  | [2026-05-04 16:21:19,757] INFO 172.23.0.8 - - [04/May/2026:21:21:19 +0000] "GET /connectors HTTP/1.1" 200 19 "-" "curl/7.61.1" 1 (org.apache.kafka.connect.runtime.rest.RestServer)
kafka-connect-1  | [2026-05-04 16:21:24,805] INFO 172.23.0.8 - - [04/May/2026:21:21:24 +0000] "GET /connectors HTTP/1.1" 200 19 "-" "curl/7.61.1" 1 (org.apache.kafka.connect.runtime.rest.RestServer)
kafka-connect-1  | [2026-05-04 16:21:29,879] INFO 172.23.0.8 - - [04/May/2026:21:21:29 +0000] "GET /connectors HTTP/1.1" 200 19 "-" "curl/7.61.1" 2 (org.apache.kafka.connect.runtime.rest.RestServer)
kafka-connect-1  | [2026-05-04 16:21:34,930] INFO 172.23.0.8 - - [04/May/2026:21:21:34 +0000] "GET /connectors HTTP/1.1" 200 19 "-" "curl/7.61.1" 1 (org.apache.kafka.connect.runtime.rest.RestServer)
kafka-connect-1  | [2026-05-04 16:21:39,984] INFO 172.23.0.8 - - [04/May/2026:21:21:39 +0000] "GET /connectors HTTP/1.1" 200 19 "-" "curl/7.61.1" 2 (org.apache.kafka.connect.runtime.rest.RestServer)
kafka-connect-1  | [2026-05-04 16:21:45,025] INFO 172.23.0.8 - - [04/May/2026:21:21:45 +0000] "GET /connectors HTTP/1.1" 200 19 "-" "curl/7.61.1" 1 (org.apache.kafka.connect.runtime.rest.RestServer)
kafka-connect-1  | [2026-05-04 16:21:50,066] INFO 172.23.0.8 - - [04/May/2026:21:21:50 +0000] "GET /connectors HTTP/1.1" 200 19 "-" "curl/7.61.1" 1 (org.apache.kafka.connect.runtime.rest.RestServer)
-------- metabase ----------
metabase-1  | 	at metabase.server.instance.proxy$org.eclipse.jetty.ee9.servlet.ServletHandler$ff19274a.doHandle(Unknown Source)
metabase-1  | 	at org.eclipse.jetty.ee9.nested.ScopedHandler.handle(ScopedHandler.java:125)
metabase-1  | 	at metabase.server.statistics_handler$new_handler$fn__112433.invoke(statistics_handler.clj:106)
metabase-1  | 	at metabase.server.statistics_handler.proxy$org.eclipse.jetty.ee9.nested.HandlerWrapper$ff19274a.handle(Unknown Source)
metabase-1  | 	at org.eclipse.jetty.ee9.nested.HandlerWrapper.handle(HandlerWrapper.java:124)
metabase-1  | 	at org.eclipse.jetty.ee9.nested.ScopedHandler.nextHandle(ScopedHandler.java:195)
metabase-1  | 	at org.eclipse.jetty.ee9.nested.ContextHandler.doHandle(ContextHandler.java:1047)
metabase-1  | 	at org.eclipse.jetty.ee9.nested.ScopedHandler.nextScope(ScopedHandler.java:162)
metabase-1  | 	at org.eclipse.jetty.ee9.servlet.ServletHandler.doScope(ServletHandler.java:483)
metabase-1  | 	at metabase.server.instance.proxy$org.eclipse.jetty.ee9.servlet.ServletHandler$ff19274a.doScope(Unknown Source)
metabase-1  | 	at org.eclipse.jetty.ee9.nested.ScopedHandler.nextScope(ScopedHandler.java:160)
metabase-1  | 	at org.eclipse.jetty.ee9.nested.ContextHandler.doScope(ContextHandler.java:962)
metabase-1  | 	at org.eclipse.jetty.ee9.nested.ScopedHandler.handle(ScopedHandler.java:123)
metabase-1  | 	at org.eclipse.jetty.ee9.nested.ContextHandler.handle(ContextHandler.java:1729)
metabase-1  | 	at org.eclipse.jetty.ee9.nested.HttpChannel$RequestDispatchable.dispatch(HttpChannel.java:1581)
metabase-1  | 	at org.eclipse.jetty.ee9.nested.HttpChannel.dispatch(HttpChannel.java:733)
metabase-1  | 	at org.eclipse.jetty.ee9.nested.HttpChannel.handle(HttpChannel.java:520)
metabase-1  | 	at org.eclipse.jetty.ee9.nested.ContextHandler$CoreContextHandler$CoreToNestedHandler.handle(ContextHandler.java:3054)
metabase-1  | 	at org.eclipse.jetty.server.handler.ContextHandler.handle(ContextHandler.java:1224)
metabase-1  | 	at org.eclipse.jetty.server.Server.handle(Server.java:197)
metabase-1  | 	at org.eclipse.jetty.server.internal.HttpChannelState$HandlerInvoker.run(HttpChannelState.java:787)
metabase-1  | 	at org.eclipse.jetty.server.internal.HttpConnection.onFillable(HttpConnection.java:420)
metabase-1  | 	at org.eclipse.jetty.server.internal.HttpConnection$FillableCallback.succeeded(HttpConnection.java:1809)
metabase-1  | 	at org.eclipse.jetty.io.FillInterest.fillable(FillInterest.java:105)
metabase-1  | 	at org.eclipse.jetty.io.SelectableChannelEndPoint$1.run(SelectableChannelEndPoint.java:54)
metabase-1  | 	at org.eclipse.jetty.util.thread.strategy.AdaptiveExecutionStrategy.runTask(AdaptiveExecutionStrategy.java:492)
metabase-1  | 	at org.eclipse.jetty.util.thread.strategy.AdaptiveExecutionStrategy.epcRunTask(AdaptiveExecutionStrategy.java:428)
metabase-1  | 	at org.eclipse.jetty.util.thread.strategy.AdaptiveExecutionStrategy.consumeTask(AdaptiveExecutionStrategy.java:401)
metabase-1  | 	at org.eclipse.jetty.util.thread.strategy.AdaptiveExecutionStrategy.tryProduce(AdaptiveExecutionStrategy.java:255)
metabase-1  | 	at org.eclipse.jetty.util.thread.strategy.AdaptiveExecutionStrategy.run(AdaptiveExecutionStrategy.java:204)
metabase-1  | 	at org.eclipse.jetty.util.thread.ReservedThreadExecutor$ReservedThread.run(ReservedThreadExecutor.java:317)
metabase-1  | 	at org.eclipse.jetty.util.thread.QueuedThreadPool.runJob(QueuedThreadPool.java:1009)
metabase-1  | 	at org.eclipse.jetty.util.thread.QueuedThreadPool$Runner.doRunJob(QueuedThreadPool.java:1239)
metabase-1  | 	at org.eclipse.jetty.util.thread.QueuedThreadPool$Runner.run(QueuedThreadPool.java:1194)
metabase-1  | 	at java.base/java.lang.Thread.run(Unknown Source)
metabase-1  | Caused by: java.io.IOException: Broken pipe
metabase-1  | 	at java.base/sun.nio.ch.SocketDispatcher.writev0(Native Method)
metabase-1  | 	at java.base/sun.nio.ch.SocketDispatcher.writev(Unknown Source)
metabase-1  | 	at java.base/sun.nio.ch.IOUtil.write(Unknown Source)
metabase-1  | 	at java.base/sun.nio.ch.IOUtil.write(Unknown Source)
metabase-1  | 	at java.base/sun.nio.ch.SocketChannelImpl.write(Unknown Source)
metabase-1  | 	at java.base/java.nio.channels.SocketChannel.write(Unknown Source)
metabase-1  | 	at org.eclipse.jetty.io.SocketChannelEndPoint.flush(SocketChannelEndPoint.java:112)
metabase-1  | 	... 200 more
metabase-1  | 2026-05-04 21:01:14,001 INFO middleware.exceptions :: Request canceled before finishing. 
metabase-1  | 2026-05-04 21:01:14,003 DEBUG middleware.log :: [32mGET /api/session/properties null 157ms (13 DB calls) App DB connections: 0/8 Jetty threads: 5/50 (2 idle, 0 queued) (65 total active threads) Queries in flight: 0 (0 queued) {:metabase-user-id 1}[0m 
metabase-1  | 2026-05-04 21:01:14,795 DEBUG middleware.log :: [32mGET /api/session/properties 200 46ms (13 DB calls) App DB connections: 0/8 Jetty threads: 5/50 (2 idle, 0 queued) (65 total active threads) Queries in flight: 0 (0 queued) {:metabase-user-id 1}[0m 
metabase-1  | 2026-05-04 21:01:14,888 DEBUG middleware.log :: [32mGET /api/user/current 200 50ms (11 DB calls) App DB connections: 0/8 Jetty threads: 6/50 (2 idle, 0 queued) (65 total active threads) Queries in flight: 0 (0 queued) {:metabase-user-id 1}[0m 
metabase-1  | 2026-05-04 21:01:15,122 DEBUG middleware.log :: [32mGET /api/collection/trash 200 21ms (4 DB calls) App DB connections: 2/8 Jetty threads: 10/50 (0 idle, 0 queued) (65 total active threads) Queries in flight: 0 (0 queued) {:metabase-user-id 1}[0m 
metabase-1  | 2026-05-04 21:01:15,139 DEBUG middleware.log :: [32mGET /api/bookmark 200 24ms (1 DB calls) App DB connections: 6/8 Jetty threads: 10/50 (0 idle, 0 queued) (65 total active threads) Queries in flight: 0 (0 queued) {:metabase-user-id 1}[0m 
metabase-1  | 2026-05-04 21:01:15,170 DEBUG middleware.log :: [32mGET /api/database 200 74ms (2 DB calls) App DB connections: 2/14 Jetty threads: 8/50 (0 idle, 0 queued) (65 total active threads) Queries in flight: 0 (0 queued) {:metabase-user-id 1}[0m 
metabase-1  | 2026-05-04 21:01:15,172 DEBUG middleware.log :: [32mGET /api/collection/tree 200 69ms (7 DB calls) App DB connections: 2/14 Jetty threads: 8/50 (0 idle, 0 queued) (65 total active threads) Queries in flight: 0 (0 queued) {:metabase-user-id 1}[0m 
metabase-1  | 2026-05-04 21:01:15,176 DEBUG middleware.log :: [32mGET /api/collection/root 200 56ms (4 DB calls) App DB connections: 3/14 Jetty threads: 8/50 (0 idle, 0 queued) (65 total active threads) Queries in flight: 0 (0 queued) {:metabase-user-id 1}[0m 
metabase-1  | 2026-05-04 21:01:15,186 DEBUG middleware.log :: [32mGET /api/search 200 58ms (5 DB calls) App DB connections: 0/14 Jetty threads: 8/50 (0 idle, 0 queued) (65 total active threads) Queries in flight: 0 (0 queued) {:metabase-user-id 1}[0m 
metabase-1  | 2026-05-04 21:01:15,237 DEBUG middleware.log :: [32mGET /api/database 200 15ms (2 DB calls) App DB connections: 0/14 Jetty threads: 5/50 (1 idle, 0 queued) (65 total active threads) Queries in flight: 0 (0 queued) {:metabase-user-id 1}[0m 
metabase-1  | 2026-05-04 21:01:15,714 DEBUG middleware.log :: [32mGET /api/timeline 200 5ms (1 DB calls) App DB connections: 0/14 Jetty threads: 6/50 (1 idle, 0 queued) (65 total active threads) Queries in flight: 0 (0 queued) {:metabase-user-id 1}[0m 
metabase-1  | 2026-05-04 21:01:15,777 DEBUG middleware.log :: [32mPOST /api/dataset/query_metadata 200 57ms (9 DB calls) App DB connections: 0/14 Jetty threads: 5/50 (1 idle, 0 queued) (65 total active threads) Queries in flight: 0 (0 queued) {:metabase-user-id 1}[0m 
metabase-1  | 2026-05-04 21:01:15,886 DEBUG middleware.log :: [32mGET /api/setting/version-info 204 1ms (0 DB calls) App DB connections: 0/14 Jetty threads: 6/50 (1 idle, 0 queued) (65 total active threads) Queries in flight: 0 (0 queued) {:metabase-user-id 1}[0m 
metabase-1  | 2026-05-04 21:01:15,901 DEBUG middleware.log :: [32mGET /api/database 200 16ms (2 DB calls) App DB connections: 0/14 Jetty threads: 5/50 (1 idle, 0 queued) (65 total active threads) Queries in flight: 0 (0 queued) {:metabase-user-id 1}[0m 
metabase-1  | 2026-05-04 21:01:16,247 DEBUG middleware.log :: [32mGET /api/table/9 200 17ms (3 DB calls) App DB connections: 0/14 Jetty threads: 5/50 (1 idle, 0 queued) (65 total active threads) Queries in flight: 0 (0 queued) {:metabase-user-id 1}[0m 
metabase-1  | 2026-05-04 21:01:16,614 DEBUG middleware.log :: [32mPOST /api/dataset 202 [ASYNC: completed] 127ms (3 DB calls) App DB connections: 0/14 Jetty threads: 4/50 (1 idle, 0 queued) (67 total active threads) Queries in flight: 1 (0 queued) {:metabase-user-id 1}[0m 
metabase-1  | 2026-05-04 21:01:17,062 DEBUG middleware.log :: [32mGET /api/database/2 200 7ms (1 DB calls) App DB connections: 0/14 Jetty threads: 5/50 (2 idle, 0 queued) (68 total active threads) Queries in flight: 0 (0 queued) {:metabase-user-id 1}[0m 
metabase-1  | 2026-05-04 21:07:41,801 DEBUG middleware.log :: [32mGET /api/session/properties 200 14ms (13 DB calls) App DB connections: 0/14 Jetty threads: 5/50 (7 idle, 0 queued) (67 total active threads) Queries in flight: 0 (0 queued) {:metabase-user-id 1}[0m 
metabase-1  | 2026-05-04 21:07:41,826 DEBUG middleware.log :: [32mGET /api/user/current 200 17ms (11 DB calls) App DB connections: 0/14 Jetty threads: 5/50 (6 idle, 0 queued) (67 total active threads) Queries in flight: 0 (0 queued) {:metabase-user-id 1}[0m 
metabase-1  | 2026-05-04 21:07:41,913 DEBUG middleware.log :: [32mGET /api/bookmark 200 2ms (1 DB calls) App DB connections: 2/14 Jetty threads: 10/50 (2 idle, 0 queued) (67 total active threads) Queries in flight: 0 (0 queued) {:metabase-user-id 1}[0m 
metabase-1  | 2026-05-04 21:07:41,914 DEBUG middleware.log :: [32mGET /api/database 200 6ms (2 DB calls) App DB connections: 0/14 Jetty threads: 10/50 (2 idle, 0 queued) (67 total active threads) Queries in flight: 0 (0 queued) {:metabase-user-id 1}[0m 
metabase-1  | 2026-05-04 21:07:41,917 DEBUG middleware.log :: [32mGET /api/collection/tree 200 9ms (7 DB calls) App DB connections: 0/14 Jetty threads: 9/50 (3 idle, 0 queued) (67 total active threads) Queries in flight: 0 (0 queued) {:metabase-user-id 1}[0m 
metabase-1  | 2026-05-04 21:07:41,918 DEBUG middleware.log :: [32mGET /api/collection/trash 200 10ms (4 DB calls) App DB connections: 1/14 Jetty threads: 8/50 (3 idle, 0 queued) (67 total active threads) Queries in flight: 0 (0 queued) {:metabase-user-id 1}[0m 
metabase-1  | 2026-05-04 21:07:41,919 DEBUG middleware.log :: [32mGET /api/collection/root 200 8ms (4 DB calls) App DB connections: 0/14 Jetty threads: 8/50 (3 idle, 0 queued) (67 total active threads) Queries in flight: 0 (0 queued) {:metabase-user-id 1}[0m 
metabase-1  | 2026-05-04 21:07:41,925 DEBUG middleware.log :: [32mGET /api/search 200 15ms (7 DB calls) App DB connections: 0/14 Jetty threads: 6/50 (4 idle, 0 queued) (67 total active threads) Queries in flight: 0 (0 queued) {:metabase-user-id 1}[0m 
metabase-1  | 2026-05-04 21:07:41,933 DEBUG middleware.log :: [32mGET /api/database 200 6ms (2 DB calls) App DB connections: 0/14 Jetty threads: 5/50 (4 idle, 0 queued) (67 total active threads) Queries in flight: 0 (0 queued) {:metabase-user-id 1}[0m 
metabase-1  | 2026-05-04 21:07:42,022 DEBUG middleware.log :: [32mGET /api/setting/version-info 204 0ms (0 DB calls) App DB connections: 4/14 Jetty threads: 8/50 (4 idle, 0 queued) (67 total active threads) Queries in flight: 0 (0 queued) {:metabase-user-id 1}[0m 
metabase-1  | 2026-05-04 21:07:42,024 DEBUG middleware.log :: [32mGET /api/timeline 200 2ms (1 DB calls) App DB connections: 2/14 Jetty threads: 8/50 (4 idle, 0 queued) (67 total active threads) Queries in flight: 0 (0 queued) {:metabase-user-id 1}[0m 
metabase-1  | 2026-05-04 21:07:42,030 DEBUG middleware.log :: [32mGET /api/database 200 8ms (2 DB calls) App DB connections: 0/14 Jetty threads: 6/50 (4 idle, 0 queued) (67 total active threads) Queries in flight: 0 (0 queued) {:metabase-user-id 1}[0m 
metabase-1  | 2026-05-04 21:07:42,042 DEBUG middleware.log :: [32mPOST /api/dataset/query_metadata 200 20ms (9 DB calls) App DB connections: 1/14 Jetty threads: 5/50 (4 idle, 0 queued) (67 total active threads) Queries in flight: 0 (0 queued) {:metabase-user-id 1}[0m 
metabase-1  | 2026-05-04 21:07:42,182 DEBUG middleware.log :: [32mGET /api/table/9 200 4ms (3 DB calls) App DB connections: 0/14 Jetty threads: 5/50 (4 idle, 0 queued) (67 total active threads) Queries in flight: 0 (0 queued) {:metabase-user-id 1}[0m 
metabase-1  | 2026-05-04 21:07:42,262 DEBUG middleware.log :: [32mPOST /api/dataset 202 [ASYNC: completed] 34ms (3 DB calls) App DB connections: 2/14 Jetty threads: 4/50 (4 idle, 0 queued) (70 total active threads) Queries in flight: 1 (0 queued) {:metabase-user-id 1}[0m 
metabase-1  | 2026-05-04 21:07:42,407 DEBUG middleware.log :: [32mGET /api/database/2 200 3ms (1 DB calls) App DB connections: 0/14 Jetty threads: 5/50 (4 idle, 0 queued) (69 total active threads) Queries in flight: 0 (0 queued) {:metabase-user-id 1}[0m 
metabase-1  | 2026-05-04 21:07:45,698 DEBUG middleware.log :: [32mGET /api/database/2/schemas 200 3ms (2 DB calls) App DB connections: 0/14 Jetty threads: 5/50 (4 idle, 0 queued) (70 total active threads) Queries in flight: 0 (0 queued) {:metabase-user-id 1}[0m 
metabase-1  | 2026-05-04 21:07:45,735 DEBUG middleware.log :: [32mGET /api/database/2/metadata 200 7ms (5 DB calls) App DB connections: 0/14 Jetty threads: 5/50 (4 idle, 0 queued) (70 total active threads) Queries in flight: 0 (0 queued) {:metabase-user-id 1}[0m 
metabase-1  | 2026-05-04 21:07:46,768 DEBUG middleware.log :: [32mPOST /api/dataset 202 [ASYNC: completed] 31ms (3 DB calls) App DB connections: 1/14 Jetty threads: 4/50 (4 idle, 0 queued) (72 total active threads) Queries in flight: 1 (0 queued) {:metabase-user-id 1}[0m 
metabase-1  | 2026-05-04 21:07:48,191 DEBUG middleware.log :: [32mGET /api/table/9/fks 200 8ms (3 DB calls) App DB connections: 0/14 Jetty threads: 5/50 (4 idle, 0 queued) (72 total active threads) Queries in flight: 0 (0 queued) {:metabase-user-id 1}[0m 
metabase-1  | 2026-05-04 21:08:13,645 DEBUG middleware.log :: [32mGET /api/session/properties 200 21ms (13 DB calls) App DB connections: 0/14 Jetty threads: 5/50 (4 idle, 0 queued) (72 total active threads) Queries in flight: 0 (0 queued) {:metabase-user-id 1}[0m 
metabase-1  | 2026-05-04 21:08:13,686 DEBUG middleware.log :: [32mGET /api/user/current 200 19ms (11 DB calls) App DB connections: 0/14 Jetty threads: 6/50 (4 idle, 0 queued) (72 total active threads) Queries in flight: 0 (0 queued) {:metabase-user-id 1}[0m 
metabase-1  | 2026-05-04 21:08:13,839 DEBUG middleware.log :: [32mGET /api/database 200 8ms (2 DB calls) App DB connections: 0/14 Jetty threads: 10/50 (2 idle, 0 queued) (72 total active threads) Queries in flight: 0 (0 queued) {:metabase-user-id 1}[0m 
metabase-1  | 2026-05-04 21:08:13,845 DEBUG middleware.log :: [32mGET /api/bookmark 200 5ms (1 DB calls) App DB connections: 3/14 Jetty threads: 10/50 (2 idle, 0 queued) (72 total active threads) Queries in flight: 0 (0 queued) {:metabase-user-id 1}[0m 
metabase-1  | 2026-05-04 21:08:13,847 DEBUG middleware.log :: [32mGET /api/collection/trash 200 16ms (4 DB calls) App DB connections: 1/14 Jetty threads: 10/50 (2 idle, 0 queued) (72 total active threads) Queries in flight: 0 (0 queued) {:metabase-user-id 1}[0m 
metabase-1  | 2026-05-04 21:08:13,852 DEBUG middleware.log :: [32mGET /api/database/2/schemas 200 7ms (2 DB calls) App DB connections: 1/14 Jetty threads: 7/50 (2 idle, 0 queued) (72 total active threads) Queries in flight: 0 (0 queued) {:metabase-user-id 1}[0m 
metabase-1  | 2026-05-04 21:08:13,853 DEBUG middleware.log :: [32mGET /api/collection/root 200 19ms (4 DB calls) App DB connections: 1/14 Jetty threads: 7/50 (2 idle, 0 queued) (72 total active threads) Queries in flight: 0 (0 queued) {:metabase-user-id 1}[0m 
metabase-1  | 2026-05-04 21:08:13,853 DEBUG middleware.log :: [32mGET /api/collection/tree 200 20ms (7 DB calls) App DB connections: 0/14 Jetty threads: 7/50 (2 idle, 0 queued) (72 total active threads) Queries in flight: 0 (0 queued) {:metabase-user-id 1}[0m 
metabase-1  | 2026-05-04 21:08:13,872 DEBUG middleware.log :: [32mGET /api/database 200 5ms (2 DB calls) App DB connections: 0/14 Jetty threads: 6/50 (3 idle, 0 queued) (72 total active threads) Queries in flight: 0 (0 queued) {:metabase-user-id 1}[0m 
metabase-1  | 2026-05-04 21:08:13,885 DEBUG middleware.log :: [32mGET /api/search 200 19ms (5 DB calls) App DB connections: 0/14 Jetty threads: 5/50 (3 idle, 0 queued) (72 total active threads) Queries in flight: 0 (0 queued) {:metabase-user-id 1}[0m 
metabase-1  | 2026-05-04 21:08:14,091 DEBUG middleware.log :: [32mGET /api/setting/version-info 204 0ms (0 DB calls) App DB connections: 0/14 Jetty threads: 6/50 (3 idle, 0 queued) (72 total active threads) Queries in flight: 0 (0 queued) {:metabase-user-id 1}[0m 
metabase-1  | 2026-05-04 21:08:14,100 DEBUG middleware.log :: [32mGET /api/database 200 9ms (2 DB calls) App DB connections: 0/14 Jetty threads: 5/50 (3 idle, 0 queued) (72 total active threads) Queries in flight: 0 (0 queued) {:metabase-user-id 1}[0m 
metabase-1  | 2026-05-04 21:08:14,131 DEBUG middleware.log :: [32mGET /api/database/2/metadata 200 21ms (5 DB calls) App DB connections: 0/14 Jetty threads: 5/50 (3 idle, 0 queued) (72 total active threads) Queries in flight: 0 (0 queued) {:metabase-user-id 1}[0m 
metabase-1  | 2026-05-04 21:08:14,274 DEBUG middleware.log :: [32mGET /api/database/2 200 4ms (1 DB calls) App DB connections: 0/14 Jetty threads: 5/50 (3 idle, 0 queued) (72 total active threads) Queries in flight: 0 (0 queued) {:metabase-user-id 1}[0m 
metabase-1  | 2026-05-04 21:08:16,029 DEBUG middleware.log :: [32mGET /api/timeline 200 2ms (1 DB calls) App DB connections: 1/14 Jetty threads: 6/50 (3 idle, 0 queued) (72 total active threads) Queries in flight: 0 (0 queued) {:metabase-user-id 1}[0m 
metabase-1  | 2026-05-04 21:08:16,042 DEBUG middleware.log :: [32mPOST /api/dataset/query_metadata 200 15ms (9 DB calls) App DB connections: 0/14 Jetty threads: 5/50 (3 idle, 0 queued) (72 total active threads) Queries in flight: 0 (0 queued) {:metabase-user-id 1}[0m 
metabase-1  | 2026-05-04 21:08:16,126 DEBUG middleware.log :: [32mGET /api/table/9 200 6ms (3 DB calls) App DB connections: 0/14 Jetty threads: 5/50 (3 idle, 0 queued) (72 total active threads) Queries in flight: 0 (0 queued) {:metabase-user-id 1}[0m 
metabase-1  | 2026-05-04 21:08:16,215 DEBUG middleware.log :: [32mPOST /api/dataset 202 [ASYNC: completed] 45ms (3 DB calls) App DB connections: 1/14 Jetty threads: 4/50 (3 idle, 0 queued) (74 total active threads) Queries in flight: 1 (0 queued) {:metabase-user-id 1}[0m 
-------- otel-collector ----------
otel-collector-1  | 2026-05-04T14:56:06.952-0500	info	MetricsExporter	{"kind": "exporter", "data_type": "metrics", "name": "logging", "resource metrics": 1, "metrics": 53, "data points": 83}
otel-collector-1  | 2026-05-04T14:57:06.952-0500	info	MetricsExporter	{"kind": "exporter", "data_type": "metrics", "name": "logging", "resource metrics": 1, "metrics": 53, "data points": 83}
otel-collector-1  | 2026-05-04T14:58:06.949-0500	info	MetricsExporter	{"kind": "exporter", "data_type": "metrics", "name": "logging", "resource metrics": 1, "metrics": 53, "data points": 83}
otel-collector-1  | 2026-05-04T14:59:06.953-0500	info	MetricsExporter	{"kind": "exporter", "data_type": "metrics", "name": "logging", "resource metrics": 1, "metrics": 53, "data points": 83}
otel-collector-1  | 2026-05-04T14:59:42.145-0500	info	MetricsExporter	{"kind": "exporter", "data_type": "metrics", "name": "logging", "resource metrics": 1, "metrics": 53, "data points": 83}
otel-collector-1  | 2026-05-04T15:00:19.734-0500	info	MetricsExporter	{"kind": "exporter", "data_type": "metrics", "name": "logging", "resource metrics": 1, "metrics": 52, "data points": 82}
otel-collector-1  | 2026-05-04T15:01:19.700-0500	info	MetricsExporter	{"kind": "exporter", "data_type": "metrics", "name": "logging", "resource metrics": 1, "metrics": 53, "data points": 83}
otel-collector-1  | 2026-05-04T15:01:55.104-0500	info	MetricsExporter	{"kind": "exporter", "data_type": "metrics", "name": "logging", "resource metrics": 1, "metrics": 53, "data points": 83}
otel-collector-1  | 2026-05-04T15:03:33.565-0500	info	MetricsExporter	{"kind": "exporter", "data_type": "metrics", "name": "logging", "resource metrics": 1, "metrics": 52, "data points": 82}
otel-collector-1  | 2026-05-04T15:04:33.349-0500	info	MetricsExporter	{"kind": "exporter", "data_type": "metrics", "name": "logging", "resource metrics": 1, "metrics": 53, "data points": 83}
otel-collector-1  | 2026-05-04T15:05:33.347-0500	info	MetricsExporter	{"kind": "exporter", "data_type": "metrics", "name": "logging", "resource metrics": 1, "metrics": 53, "data points": 83}
otel-collector-1  | 2026-05-04T15:06:33.344-0500	info	MetricsExporter	{"kind": "exporter", "data_type": "metrics", "name": "logging", "resource metrics": 1, "metrics": 53, "data points": 83}
otel-collector-1  | 2026-05-04T15:07:33.346-0500	info	MetricsExporter	{"kind": "exporter", "data_type": "metrics", "name": "logging", "resource metrics": 1, "metrics": 53, "data points": 84}
otel-collector-1  | 2026-05-04T15:08:33.339-0500	info	MetricsExporter	{"kind": "exporter", "data_type": "metrics", "name": "logging", "resource metrics": 1, "metrics": 53, "data points": 84}
otel-collector-1  | 2026-05-04T15:09:33.340-0500	info	MetricsExporter	{"kind": "exporter", "data_type": "metrics", "name": "logging", "resource metrics": 1, "metrics": 53, "data points": 84}
otel-collector-1  | 2026-05-04T15:10:33.343-0500	info	MetricsExporter	{"kind": "exporter", "data_type": "metrics", "name": "logging", "resource metrics": 1, "metrics": 53, "data points": 84}
otel-collector-1  | 2026-05-04T15:11:33.340-0500	info	MetricsExporter	{"kind": "exporter", "data_type": "metrics", "name": "logging", "resource metrics": 1, "metrics": 53, "data points": 84}
otel-collector-1  | 2026-05-04T15:12:33.341-0500	info	MetricsExporter	{"kind": "exporter", "data_type": "metrics", "name": "logging", "resource metrics": 1, "metrics": 53, "data points": 84}
otel-collector-1  | 2026-05-04T15:13:33.341-0500	info	MetricsExporter	{"kind": "exporter", "data_type": "metrics", "name": "logging", "resource metrics": 1, "metrics": 53, "data points": 84}
otel-collector-1  | 2026-05-04T15:14:33.341-0500	info	MetricsExporter	{"kind": "exporter", "data_type": "metrics", "name": "logging", "resource metrics": 1, "metrics": 53, "data points": 84}
otel-collector-1  | 2026-05-04T15:14:54.755-0500	info	otelcol@v0.93.0/collector.go:258	Received signal from OS	{"signal": "terminated"}
otel-collector-1  | 2026-05-04T15:14:54.755-0500	info	service@v0.93.0/service.go:179	Starting shutdown...
otel-collector-1  | 2026-05-04T15:14:54.755-0500	info	extensions/extensions.go:59	Stopping extensions...
otel-collector-1  | 2026-05-04T15:14:54.755-0500	info	service@v0.93.0/service.go:193	Shutdown complete.
otel-collector-1  | 2026-05-04T15:14:55.135-0500	info	service@v0.93.0/telemetry.go:76	Setting up own telemetry...
otel-collector-1  | 2026-05-04T15:14:55.135-0500	info	service@v0.93.0/telemetry.go:146	Serving metrics	{"address": ":8888", "level": "Basic"}
otel-collector-1  | 2026-05-04T15:14:55.135-0500	info	kafkaexporter@v0.93.0/factory.go:134	otlp_json is considered experimental and should not be used in a production environment	{"kind": "exporter", "data_type": "traces", "name": "kafka/traces"}
otel-collector-1  | 2026-05-04T15:14:55.137-0500	info	exporter@v0.93.0/exporter.go:275	Deprecated component. Will be removed in future releases.	{"kind": "exporter", "data_type": "metrics", "name": "logging"}
otel-collector-1  | 2026-05-04T15:14:55.138-0500	info	service@v0.93.0/service.go:139	Starting otelcol-contrib...	{"Version": "0.93.0", "NumCPU": 8}
otel-collector-1  | 2026-05-04T15:14:55.138-0500	info	extensions/extensions.go:34	Starting extensions...
otel-collector-1  | 2026-05-04T15:14:55.138-0500	warn	internal@v0.93.0/warning.go:40	Using the 0.0.0.0 address exposes this server to every network interface, which may facilitate Denial of Service attacks	{"kind": "receiver", "name": "otlp", "data_type": "metrics", "documentation": "https://github.com/open-telemetry/opentelemetry-collector/blob/main/docs/security-best-practices.md#safeguards-against-denial-of-service-attacks"}
otel-collector-1  | 2026-05-04T15:14:55.138-0500	info	otlpreceiver@v0.93.0/otlp.go:152	Starting HTTP server	{"kind": "receiver", "name": "otlp", "data_type": "metrics", "endpoint": "0.0.0.0:4318"}
otel-collector-1  | 2026-05-04T15:14:55.138-0500	info	service@v0.93.0/service.go:165	Everything is ready. Begin running and processing data.
otel-collector-1  | 2026-05-04T15:15:33.341-0500	info	MetricsExporter	{"kind": "exporter", "data_type": "metrics", "name": "logging", "resource metrics": 1, "metrics": 53, "data points": 84}
otel-collector-1  | 2026-05-04T15:16:33.339-0500	info	MetricsExporter	{"kind": "exporter", "data_type": "metrics", "name": "logging", "resource metrics": 1, "metrics": 53, "data points": 84}
otel-collector-1  | 2026-05-04T15:17:33.338-0500	info	MetricsExporter	{"kind": "exporter", "data_type": "metrics", "name": "logging", "resource metrics": 1, "metrics": 53, "data points": 84}
otel-collector-1  | 2026-05-04T15:18:33.343-0500	info	MetricsExporter	{"kind": "exporter", "data_type": "metrics", "name": "logging", "resource metrics": 1, "metrics": 53, "data points": 84}
otel-collector-1  | 2026-05-04T15:19:33.338-0500	info	MetricsExporter	{"kind": "exporter", "data_type": "metrics", "name": "logging", "resource metrics": 1, "metrics": 53, "data points": 84}
otel-collector-1  | 2026-05-04T15:20:33.342-0500	info	MetricsExporter	{"kind": "exporter", "data_type": "metrics", "name": "logging", "resource metrics": 1, "metrics": 53, "data points": 84}
otel-collector-1  | 2026-05-04T15:21:33.341-0500	info	MetricsExporter	{"kind": "exporter", "data_type": "metrics", "name": "logging", "resource metrics": 1, "metrics": 53, "data points": 84}
otel-collector-1  | 2026-05-04T15:22:33.338-0500	info	MetricsExporter	{"kind": "exporter", "data_type": "metrics", "name": "logging", "resource metrics": 1, "metrics": 53, "data points": 84}
otel-collector-1  | 2026-05-04T15:23:33.340-0500	info	MetricsExporter	{"kind": "exporter", "data_type": "metrics", "name": "logging", "resource metrics": 1, "metrics": 53, "data points": 84}
otel-collector-1  | 2026-05-04T15:24:33.340-0500	info	MetricsExporter	{"kind": "exporter", "data_type": "metrics", "name": "logging", "resource metrics": 1, "metrics": 53, "data points": 84}
otel-collector-1  | 2026-05-04T15:25:33.341-0500	info	MetricsExporter	{"kind": "exporter", "data_type": "metrics", "name": "logging", "resource metrics": 1, "metrics": 53, "data points": 84}
otel-collector-1  | 2026-05-04T15:26:33.340-0500	info	MetricsExporter	{"kind": "exporter", "data_type": "metrics", "name": "logging", "resource metrics": 1, "metrics": 53, "data points": 84}
otel-collector-1  | 2026-05-04T15:27:33.341-0500	info	MetricsExporter	{"kind": "exporter", "data_type": "metrics", "name": "logging", "resource metrics": 1, "metrics": 53, "data points": 84}
otel-collector-1  | 2026-05-04T15:28:33.337-0500	info	MetricsExporter	{"kind": "exporter", "data_type": "metrics", "name": "logging", "resource metrics": 1, "metrics": 53, "data points": 84}
otel-collector-1  | 2026-05-04T15:29:33.341-0500	info	MetricsExporter	{"kind": "exporter", "data_type": "metrics", "name": "logging", "resource metrics": 1, "metrics": 53, "data points": 84}
otel-collector-1  | 2026-05-04T15:30:33.340-0500	info	MetricsExporter	{"kind": "exporter", "data_type": "metrics", "name": "logging", "resource metrics": 1, "metrics": 53, "data points": 84}
otel-collector-1  | 2026-05-04T15:31:33.340-0500	info	MetricsExporter	{"kind": "exporter", "data_type": "metrics", "name": "logging", "resource metrics": 1, "metrics": 53, "data points": 84}
otel-collector-1  | 2026-05-04T15:32:33.337-0500	info	MetricsExporter	{"kind": "exporter", "data_type": "metrics", "name": "logging", "resource metrics": 1, "metrics": 53, "data points": 84}
otel-collector-1  | 2026-05-04T15:33:33.340-0500	info	MetricsExporter	{"kind": "exporter", "data_type": "metrics", "name": "logging", "resource metrics": 1, "metrics": 53, "data points": 84}
otel-collector-1  | 2026-05-04T15:34:33.343-0500	info	MetricsExporter	{"kind": "exporter", "data_type": "metrics", "name": "logging", "resource metrics": 1, "metrics": 53, "data points": 84}
otel-collector-1  | 2026-05-04T15:35:33.340-0500	info	MetricsExporter	{"kind": "exporter", "data_type": "metrics", "name": "logging", "resource metrics": 1, "metrics": 53, "data points": 84}
otel-collector-1  | 2026-05-04T15:36:33.340-0500	info	MetricsExporter	{"kind": "exporter", "data_type": "metrics", "name": "logging", "resource metrics": 1, "metrics": 53, "data points": 84}
otel-collector-1  | 2026-05-04T15:37:33.340-0500	info	MetricsExporter	{"kind": "exporter", "data_type": "metrics", "name": "logging", "resource metrics": 1, "metrics": 53, "data points": 84}
otel-collector-1  | 2026-05-04T15:38:33.337-0500	info	MetricsExporter	{"kind": "exporter", "data_type": "metrics", "name": "logging", "resource metrics": 1, "metrics": 53, "data points": 84}
otel-collector-1  | 2026-05-04T15:39:33.340-0500	info	MetricsExporter	{"kind": "exporter", "data_type": "metrics", "name": "logging", "resource metrics": 1, "metrics": 53, "data points": 84}
otel-collector-1  | 2026-05-04T15:40:33.340-0500	info	MetricsExporter	{"kind": "exporter", "data_type": "metrics", "name": "logging", "resource metrics": 1, "metrics": 53, "data points": 84}
otel-collector-1  | 2026-05-04T15:41:33.340-0500	info	MetricsExporter	{"kind": "exporter", "data_type": "metrics", "name": "logging", "resource metrics": 1, "metrics": 53, "data points": 84}
otel-collector-1  | 2026-05-04T15:42:33.340-0500	info	MetricsExporter	{"kind": "exporter", "data_type": "metrics", "name": "logging", "resource metrics": 1, "metrics": 53, "data points": 84}
otel-collector-1  | 2026-05-04T15:43:33.337-0500	info	MetricsExporter	{"kind": "exporter", "data_type": "metrics", "name": "logging", "resource metrics": 1, "metrics": 53, "data points": 84}
otel-collector-1  | 2026-05-04T15:44:33.339-0500	info	MetricsExporter	{"kind": "exporter", "data_type": "metrics", "name": "logging", "resource metrics": 1, "metrics": 53, "data points": 84}
otel-collector-1  | 2026-05-04T15:45:33.340-0500	info	MetricsExporter	{"kind": "exporter", "data_type": "metrics", "name": "logging", "resource metrics": 1, "metrics": 53, "data points": 84}
otel-collector-1  | 2026-05-04T15:46:33.337-0500	info	MetricsExporter	{"kind": "exporter", "data_type": "metrics", "name": "logging", "resource metrics": 1, "metrics": 53, "data points": 84}
otel-collector-1  | 2026-05-04T15:47:33.337-0500	info	MetricsExporter	{"kind": "exporter", "data_type": "metrics", "name": "logging", "resource metrics": 1, "metrics": 53, "data points": 84}
otel-collector-1  | 2026-05-04T15:48:33.337-0500	info	MetricsExporter	{"kind": "exporter", "data_type": "metrics", "name": "logging", "resource metrics": 1, "metrics": 53, "data points": 84}
otel-collector-1  | 2026-05-04T15:49:33.339-0500	info	MetricsExporter	{"kind": "exporter", "data_type": "metrics", "name": "logging", "resource metrics": 1, "metrics": 53, "data points": 84}
otel-collector-1  | 2026-05-04T15:50:33.339-0500	info	MetricsExporter	{"kind": "exporter", "data_type": "metrics", "name": "logging", "resource metrics": 1, "metrics": 53, "data points": 84}
otel-collector-1  | 2026-05-04T15:51:33.338-0500	info	MetricsExporter	{"kind": "exporter", "data_type": "metrics", "name": "logging", "resource metrics": 1, "metrics": 53, "data points": 84}
otel-collector-1  | 2026-05-04T15:52:33.339-0500	info	MetricsExporter	{"kind": "exporter", "data_type": "metrics", "name": "logging", "resource metrics": 1, "metrics": 53, "data points": 84}
otel-collector-1  | 2026-05-04T15:53:33.337-0500	info	MetricsExporter	{"kind": "exporter", "data_type": "metrics", "name": "logging", "resource metrics": 1, "metrics": 53, "data points": 84}
otel-collector-1  | 2026-05-04T15:54:33.337-0500	info	MetricsExporter	{"kind": "exporter", "data_type": "metrics", "name": "logging", "resource metrics": 1, "metrics": 53, "data points": 84}
otel-collector-1  | 2026-05-04T15:55:33.340-0500	info	MetricsExporter	{"kind": "exporter", "data_type": "metrics", "name": "logging", "resource metrics": 1, "metrics": 53, "data points": 84}
otel-collector-1  | 2026-05-04T15:56:33.337-0500	info	MetricsExporter	{"kind": "exporter", "data_type": "metrics", "name": "logging", "resource metrics": 1, "metrics": 53, "data points": 84}
otel-collector-1  | 2026-05-04T15:57:33.337-0500	info	MetricsExporter	{"kind": "exporter", "data_type": "metrics", "name": "logging", "resource metrics": 1, "metrics": 53, "data points": 84}
otel-collector-1  | 2026-05-04T15:58:33.337-0500	info	MetricsExporter	{"kind": "exporter", "data_type": "metrics", "name": "logging", "resource metrics": 1, "metrics": 53, "data points": 84}
otel-collector-1  | 2026-05-04T15:59:33.338-0500	info	MetricsExporter	{"kind": "exporter", "data_type": "metrics", "name": "logging", "resource metrics": 1, "metrics": 53, "data points": 84}
otel-collector-1  | 2026-05-04T16:00:33.340-0500	info	MetricsExporter	{"kind": "exporter", "data_type": "metrics", "name": "logging", "resource metrics": 1, "metrics": 53, "data points": 84}
otel-collector-1  | 2026-05-04T16:01:33.339-0500	info	MetricsExporter	{"kind": "exporter", "data_type": "metrics", "name": "logging", "resource metrics": 1, "metrics": 53, "data points": 84}
otel-collector-1  | 2026-05-04T16:02:33.339-0500	info	MetricsExporter	{"kind": "exporter", "data_type": "metrics", "name": "logging", "resource metrics": 1, "metrics": 53, "data points": 84}
otel-collector-1  | 2026-05-04T16:03:33.339-0500	info	MetricsExporter	{"kind": "exporter", "data_type": "metrics", "name": "logging", "resource metrics": 1, "metrics": 53, "data points": 84}
otel-collector-1  | 2026-05-04T16:04:33.339-0500	info	MetricsExporter	{"kind": "exporter", "data_type": "metrics", "name": "logging", "resource metrics": 1, "metrics": 53, "data points": 84}
otel-collector-1  | 2026-05-04T16:05:33.340-0500	info	MetricsExporter	{"kind": "exporter", "data_type": "metrics", "name": "logging", "resource metrics": 1, "metrics": 53, "data points": 84}
otel-collector-1  | 2026-05-04T16:06:21.780-0500	info	MetricsExporter	{"kind": "exporter", "data_type": "metrics", "name": "logging", "resource metrics": 1, "metrics": 53, "data points": 84}
otel-collector-1  | 2026-05-04T16:07:16.481-0500	info	MetricsExporter	{"kind": "exporter", "data_type": "metrics", "name": "logging", "resource metrics": 1, "metrics": 52, "data points": 82}
otel-collector-1  | 2026-05-04T16:08:16.446-0500	info	MetricsExporter	{"kind": "exporter", "data_type": "metrics", "name": "logging", "resource metrics": 1, "metrics": 53, "data points": 84}
otel-collector-1  | 2026-05-04T16:09:16.446-0500	info	MetricsExporter	{"kind": "exporter", "data_type": "metrics", "name": "logging", "resource metrics": 1, "metrics": 53, "data points": 84}
otel-collector-1  | 2026-05-04T16:10:16.446-0500	info	MetricsExporter	{"kind": "exporter", "data_type": "metrics", "name": "logging", "resource metrics": 1, "metrics": 53, "data points": 84}
otel-collector-1  | 2026-05-04T16:11:16.444-0500	info	MetricsExporter	{"kind": "exporter", "data_type": "metrics", "name": "logging", "resource metrics": 1, "metrics": 53, "data points": 84}
otel-collector-1  | 2026-05-04T16:12:16.445-0500	info	MetricsExporter	{"kind": "exporter", "data_type": "metrics", "name": "logging", "resource metrics": 1, "metrics": 53, "data points": 84}
otel-collector-1  | 2026-05-04T16:13:16.445-0500	info	MetricsExporter	{"kind": "exporter", "data_type": "metrics", "name": "logging", "resource metrics": 1, "metrics": 53, "data points": 84}
otel-collector-1  | 2026-05-04T16:14:16.440-0500	info	MetricsExporter	{"kind": "exporter", "data_type": "metrics", "name": "logging", "resource metrics": 1, "metrics": 53, "data points": 84}
otel-collector-1  | 2026-05-04T16:15:16.439-0500	info	MetricsExporter	{"kind": "exporter", "data_type": "metrics", "name": "logging", "resource metrics": 1, "metrics": 53, "data points": 84}
otel-collector-1  | 2026-05-04T16:16:16.442-0500	info	MetricsExporter	{"kind": "exporter", "data_type": "metrics", "name": "logging", "resource metrics": 1, "metrics": 53, "data points": 84}
otel-collector-1  | 2026-05-04T16:17:16.445-0500	info	MetricsExporter	{"kind": "exporter", "data_type": "metrics", "name": "logging", "resource metrics": 1, "metrics": 53, "data points": 84}
otel-collector-1  | 2026-05-04T16:18:16.442-0500	info	MetricsExporter	{"kind": "exporter", "data_type": "metrics", "name": "logging", "resource metrics": 1, "metrics": 53, "data points": 84}
otel-collector-1  | 2026-05-04T16:19:16.441-0500	info	MetricsExporter	{"kind": "exporter", "data_type": "metrics", "name": "logging", "resource metrics": 1, "metrics": 53, "data points": 84}
otel-collector-1  | 2026-05-04T16:20:16.439-0500	info	MetricsExporter	{"kind": "exporter", "data_type": "metrics", "name": "logging", "resource metrics": 1, "metrics": 53, "data points": 84}
otel-collector-1  | 2026-05-04T16:21:16.439-0500	info	MetricsExporter	{"kind": "exporter", "data_type": "metrics", "name": "logging", "resource metrics": 1, "metrics": 53, "data points": 84}
